Abidjan,,C√¥te d&#039;Ivoire,CI
Abruzzo,Abruzzi,Italy,IT
Ailinglaplap Atoll,,Marshall Islands,MH
Al Batinah North Governorate,Al Batnah,Oman,OM
Al Wahat District,,Libya,LY
Alsace,Haut-Rhin,France,FR
Altai Krai,Altai,Russia,RU
Andalusia,,Spain,ES
Aquitaine,,France,FR
Arag√≥n,,Spain,ES
Ariana Governorate,,Tunisia,TN
Autonomous Region in Muslim Mindanao,Maguindanao,Philippines,PH
Auvergne,,France,FR
Awdal,,Somalia,SO
B·∫Øc K·∫°n Province,,Vietnam,VN
Bangka‚ÄìBelitung Islands,Bangka-Belitung,Indonesia,ID
Basilicata,Basilicate,Italy,IT
Pa√≠s Vasco,,Spain,ES
Basse-Normandie,Manche,France,FR
Benu√© State,Benue,Nigeria,NG
Bicol Region,,Philippines,PH
Bolivar,Bolivar,Colombia,CO
Boquer√≥n department,Boquer√≥n,Paraguay,PY
Bourgogne,,France,FR
Boyaca,,Colombia,CO
Bretagne,,France,FR
Cagayan Valley,,Philippines,PH
Calabarzon,,Philippines,PH
Campania,Campanie,Italy,IT
Islas Canarias,,Spain,ES
Capital Governorate,,Kuwait,KW
Caqueta,,Colombia,CO
Caraga,,Philippines,PH
Castilla y Leon,,Spain,ES
Castilla-La Mancha,,Spain,ES
Castries,,Saint Lucia,WL
Catalu√±a,,Spain,ES
Central Kalimantan,,Indonesia,ID
Central Luzon,,Philippines,PH
Central Serbia,,Serbia,RS
Central Slovenia Statistical Region,,Slovenia,SI
Central Visayas,,Philippines,PH
Centre,,France,FR
Chaco,,Paraguay,PY
Champagne-Ardenne,,France,FR
Chittagong Division,,Bangladesh,BD
Choco,,Colombia,CO
City of San Marino,,San Marino,SM
Ciudad Aut√≥noma de Buenos Aires,,Argentina,AR
Coastal‚ÄìKarst Statistical Region,,Slovenia,SI
Comunidad Valenciana,,Spain,ES
Cordillera Administrative Region,,Philippines,PH
Couva-Tabaquite-Talparo Regional Corporation,,Trinidad and Tobago,TT
Derna District,,Libya,LY
Distrito Especial,,Colombia,CO
Eastern Visayas,,Philippines,PH
Emilia-Romagna,Emilia,Italy,IT
Tabuk Region,,Saudi Arabia,SA
England,,United Kingdom,GB
Entre Rios,,Argentina,AR
Vargas,,Venezuela,VE
Extremadura,,Spain,ES
Franche-Comt√©,,France,FR
Friuli-Venezia Giulia,Friuli Venezia Giulia,Italy,IT
Fujian,,Taiwan,TW
ƒê·ªìng Nai Province,,Vietnam,VN
G√¥h-Djiboua District,,C√¥te d&#039;Ivoire,CI
Gagauzia,,Moldova,MD
Galicia,,Spain,ES
H∆∞ng Y√™n Province,,Vietnam,VN
Halabja Governorate,,Iraq,IQ
Haute-Normandie,,France,FR
Hong Kong,,Hong Kong,HK
√éle-de-France,,France,FR
Isle Of Man,,Isle Of Man,IM
Karan State,,Myanmar,MM
B√©ja Governorate,,Tunisia,TN
Khulna Division,,Bangladesh,BD
Komoe,,Burkina Faso,BF
Kosi Zone,,Nepal,NP
Kosovo,,Serbia,RS
Kurzeme Region,,Latvia,LV
La Condamine,,Monaco,MC
Languedoc-Roussillon,,France,FR
Latgale,,Latvia,LV
Lazio,,Italy,IT
Lienchiang,,Taiwan,TW
Limousin,,France,FR
Lorraine,,France,FR
Khojavend District,,Azerbaijan,AZ
Mayotte,,Mayotte,YT
Midi-Pyr√©n√©es,Pyr√©n√©es,France,FR
Mimaropa,,Philippines,PH
Molise,,Italy,IT
Nakhchivan Autonomous Republic,,Azerbaijan,AZ
Narino,Nari√±o,Colombia,CO
Naypyidaw,,Myanmar,MM
Neuqu√©n,,Argentina,AR
Nord-Pas-de-Calais,Pas-de-Calais,France,FR
Regi√≥n Aut√≥noma del Atl√°ntico Norte,,Nicaragua,NI
North Central Province,Northern,Sri Lanka,LK
North Kalimantan,,Indonesia,ID
North Western Province,,Sri Lanka,LK
Northern Aegean,,Greece,GR
Northern Ireland,,United Kingdom,GB
Northern Mindanao,,Philippines,PH
Nuevo Le√≥n,,Mexico,MX
Old Royal Capital Cetinje,,Montenegro,ME
Oued Ed-Dahab-Lagouira,Oued Ed-Dahab,Morocco,MA
Palmerston Island,,Cook Islands,CK
Pays de la Loire,,France,FR
Penal-Debe Regional Corporation,,Trinidad and Tobago,TT
Picardie,,France,FR
Poitou-Charentes,,France,FR
Principality of Asturias,,Spain,ES
Provence-Alpes-C√¥te d'Azur,Alpes-de-Haute-Provence,France,FR
Buenos Aires,,Argentina,AR
Quindio,,Colombia,CO
Rajshahi Division,,Bangladesh,BD
Rangpur Division,,Bangladesh,BD
Republika Srpska,,Bosnia and Herzegovina,BA
Rh√¥ne-Alpes,,France,FR
Riau Islands Province,,Indonesia,ID
Riga Planning Region,,Latvia,LV
S√£o Paulo (state),,Brazil,BR
S√£o Tom√© Island,,Sao Tome and Principe,ST
Sabaragamuwa Province,,Sri Lanka,LK
Saint Helier,,Jersey,JE
Saint Peter Port,,Guernsey,GG
San Andres y Providencia,,Colombia,CO
San Juan,,Puerto Rico,PR
Sana'a Governorate,,Yemen,YE
Santo Ant√£o,,Cape Verde,CV
Sardinia,,Italy,IT
Sassandra-Marahou√© District,,C√¥te d&#039;Ivoire,CI
Scotland,,United Kingdom,GB
Semigallia,,Latvia,LV
Soccsksargen,,Philippines,PH
Sool,,Somalia,SO
Regi√≥n Aut√≥noma del Atl√°ntico Sur,,Nicaragua,NI
South Eastern Region,,Malta,MT
South Kalimantan,,Indonesia,ID
Southern Aegean,,Greece,GR
Southern Nations,,Ethiopia,ET
Special Region of Yogyakarta,,Indonesia,ID
Sughd Region,,Tajikistan,TJ
Tbong Khmum Province,,Cambodia,KH
Telangana,,India,IN
Tibet Autonomous Region,,China,CN
Timor-Leste,,Timor-Leste,TL
Tirana County,,Albania,AL
Togdheer,,Somalia,SO
Tripoli District,,Libya,LY
Tucuman,,Argentina,AR
Umbria,,Italy,IT
Uva Province,,Sri Lanka,LK
Veneto,,Italy,IT
Vidzeme,,Latvia,LV
Vojvodina,,Serbia,RS
Wales,,United Kingdom,GB
Wallonia,,Belgium,BE
West Kalimantan,,Indonesia,ID
Western Visayas,,Philippines,PH
Woqooyi Galbeed,,Somalia,SO
Woroba District,,C√¥te d&#039;Ivoire,CI
Yamoussoukro,,C√¥te d&#039;Ivoire,CI
Shan State,,Myanmar,MM
Mandalay,,Myanmar,MM
Timor-Leste,,Timor-Leste,TL
Gaza Strip,,"Palestine, State of",PS
Antalya Province,,Turkey,TR
West Bank,,"Palestine, State of",PS
Yangon,,Myanmar,MM
Northern Mariana Islands,,Northern Mariana Islands,MP
Miranda,,Venezuela,VE
Kinshasa,,Democratic Republic of the Congo,CD
Dar es Salaam,,Tanzania,TZ
Liaoning,,China,CN
Batangas City,,Philippines,PH
Sagaing,,Myanmar,MM
Bago Region,,Myanmar,MM
Magwe,,Myanmar,MM
Kachin State,,Myanmar,MM
Irrawaddy,,Myanmar,MM
Sud-ComoÈ,,CÙte d&#039;Ivoire,CI
Hainan,,China,CN
Kayah State,,Myanmar,MM
Beijing,,China,CN
Katanga,,Democratic Republic of the Congo,CD
Nord-Kivu,,Democratic Republic of the Congo,CD
Sud-Kivu,,Democratic Republic of the Congo,CD
Kasai-Oriental,,Democratic Republic of the Congo,CD
Maniema,,Democratic Republic of the Congo,CD
Rakhine State,,Myanmar,MM
Oued Ed-Dahab-Lagouira,,Morocco,MA
Ayeyarwady Region,,Myanmar,MM
Ebonyi State,,Nigeria,NG
Abia State,,Nigeria,NG
Karan State,,Myanmar,MM
Tanintharyi Region,,Myanmar,MM
Naypyidaw,,Myanmar,MM
Chin State,,Myanmar,MM
Ogun State,,Nigeria,NG
Edo State,,Nigeria,NG
Anambra State,,Nigeria,NG
Kwara State,,Nigeria,NG
Kadiogo,,Burkina Faso,BF
Houet,,Burkina Faso,BF
Anhui,,China,CN
Bandundu,,Democratic Republic of the Congo,CD
Bangui,,Central African Republic,CF
Batangas,,Philippines,PH
Boulkiemde,,Burkina Faso,BF
Castries,,Saint Lucia,WL
Central Serbia,,Serbia,RS
Chongqing,,China,CN
Dodoma,,Tanzania,TZ
Federation of Bosnia and Herzegovina,,Bosnia and Herzegovina,BA
Freeport,,Bahamas,BS
Fujian,,Taiwan,TW
Gansu,,China,CN
Gibraltar,,Gibraltar,GI
Gourma,,Burkina Faso,BF
Guam,,Guam,GU
Guangdong,,China,CN
Guangxi,,China,CN
Guizhou,,China,CN
Hebei,,China,CN
Heilongjiang,,China,CN
Henan,,China,CN
Hubei,,China,CN
Hunan,,China,CN
Inner Mongolia,,China,CN
Iringa,,Tanzania,TZ
Isle Of Man,,Isle Of Man,IM
Jiangsu,,China,CN
Jiangxi,,China,CN
Kagera,,Tanzania,TZ
Kasai-Occidental,,Democratic Republic of the Congo,CD
Kigoma,,Tanzania,TZ
Kilimanjaro,,Tanzania,TZ
Komoe,,Burkina Faso,BF
Kosovo,,Serbia,RS
Liao,,China,CN
Lienchiang,,Taiwan,TW
Lindi,,Tanzania,TZ
Mayotte,,Mayotte,YT
Mbeya,,Tanzania,TZ
Morogoro,,Tanzania,TZ
Mouhoun,,Burkina Faso,BF
Mtwara,,Tanzania,TZ
New Providence,,Bahamas,BS
Ningxia,,China,CN
Northern Aegean,,Greece,GR
Pohnpei,,Micronesia (Federated States of),FM
Republika Srpska,,Bosnia and Herzegovina,BA
Rukwa,,Tanzania,TZ
Ruvuma,,Tanzania,TZ
Sanmatenga,,Burkina Faso,BF
Shaanxi,,China,CN
Shandong,,China,CN
Shanghai,,China,CN
Shanxi,,China,CN
Shinyanga,,Tanzania,TZ
Sichuan,,China,CN
Singapore,,Singapore,SG
Singida,,Tanzania,TZ
Southern Aegean,,Greece,GR
Tabora,,Tanzania,TZ
Tacloban,,Philippines,PH
Tanga,,Tanzania,TZ
Tenasserim,,Myanmar,MM
Tianjin,,China,CN
Tibet Autonomous Region,,China,CN
Tibet Autonomous,,China,CN
Vojvodina,,Serbia,RS
Xinjiang,,China,CN
Yatenga,,Burkina Faso,BF
Yunnan,,China,CN
Zanzibar Urban,,Tanzania,TZ
Zhejiang,,China,CN
Bolívar,,Colombia,CO
RÈunion,,France,FR
Abidjan,,CÙte d&#039;Ivoire,CI
Addis Ababa,,Ethiopia,ET
Algiers Province,,Algeria,DZ
Amhara Region,,Ethiopia,ET
Amman Governorate,,Jordan,JO
Analamanga,,Madagascar,MG
Annaba Province,,Algeria,DZ
Anzo·tegui,,Venezuela,VE
Aragua,,Venezuela,VE
Baghdad Governorate,,Iraq,IQ
Bagmati Zone,,Nepal,NP
Bali,,Indonesia,ID
Balochistan,,Pakistan,PK
Banaadir,,Somalia,SO
Banten,,Indonesia,ID
Batna Province,,Algeria,DZ
Benghazi,,Libya,LY
Bicol Region,,Philippines,PH
BolÌvar,,Venezuela,VE
Bujumbura,,Burundi,BI
BÈjaÔa Province,,Algeria,DZ
Cairo Governorate,,Egypt,EG
Calabarzon,,Philippines,PH
Capital District,,Venezuela,VE
Carabobo,,Venezuela,VE
Central Java,,Indonesia,ID
Central Kalimantan,,Indonesia,ID
Central Luzon,,Philippines,PH
Chittagong Division,,Bangladesh,BD
Chlef Province,,Algeria,DZ
Conakry,,Guinea,GN
Constantine Province,,Algeria,DZ
Dhaka Division,,Bangladesh,BD
Djelfa Province,,Algeria,DZ
Doha,,Qatar,QA
East Java,,Indonesia,ID
East Kalimantan,,Indonesia,ID
East Nusa Tenggara,,Indonesia,ID
Erbil Governorate,,Iraq,IQ
Gandaki Zone,,Nepal,NP
Grand Casablanca,,Morocco,MA
Islamabad Capital Territory,,Pakistan,PK
Istanbul Province,,Turkey,TR
Jakarta,,Indonesia,ID
Jambi,,Indonesia,ID
Kabul Province,,Afghanistan,AF
Khulna Division,,Bangladesh,BD
Khyber Pakhtunkhwa,,Pakistan,PK
Kosi Zone,,Nepal,NP
Lampung,,Indonesia,ID
Lara,,Venezuela,VE
Lumbini Zone,,Nepal,NP
Makkah Region,,Saudi Arabia,SA
Marrakesh-Tensift-El Haouz,,Morocco,MA
Mechi Zone,,Nepal,NP
Metro Manila,,Philippines,PH
Misrata District,,Libya,LY
Muscat Governorate,,Oman,OM
Narayani Zone,,Nepal,NP
North Sumatra,,Indonesia,ID
Nouakchott,,Mauritania,MR
Oran Province,,Algeria,DZ
Ouargla Province,,Algeria,DZ
Punjab,,India,IN
Rabat-SalÈ-Zemmour-Zaer,,Morocco,MA
Rajshahi Division,,Bangladesh,BD
Riau,,Indonesia,ID
Riyadh Region,,Saudi Arabia,SA
Savannakhet Province,,Laos,LA
Sindh,,Pakistan,PK
Skikda Province,,Algeria,DZ
Souss-Massa-Dr‚a,,Morocco,MA
South Kalimantan,,Indonesia,ID
South Sulawesi,,Indonesia,ID
South Sumatra,,Indonesia,ID
Sulaymaniyah Governorate,,Iraq,IQ
Svay Rieng Province,,Cambodia,KH
Sylhet Division,,Bangladesh,BD
SÈtif Province,,Algeria,DZ
Tangier-Tetouan,,Morocco,MA
Tizi Ouzou Province,,Algeria,DZ
Tripoli District,,Libya,LY
Tunis Governorate,,Tunisia,TN
TÈbessa Province,,Algeria,DZ
Ulan Bator,,Mongolia,MN
Vientiane Prefecture,,Laos,LA
West Java,,Indonesia,ID
West Kalimantan,,Indonesia,ID
West Nusa Tenggara,,Indonesia,ID
West Sumatra,,Indonesia,ID
Western Visayas,,Philippines,PH
Zulia,,Venezuela,VE
Abkhazia,,Georgia,GE
Absheron District,,Azerbaijan,AZ
Abu Dhabi,,United Arab Emirates,AE
Aceh,,Indonesia,ID
Adana Province,,Turkey,TR
Adjara,,Georgia,GE
Adrar Province,,Algeria,DZ
Aguascalientes,,Mexico,MX
Akmola Region,,Kazakhstan,KZ
Aktobe Region,,Kazakhstan,KZ
Al Anbar Governorate,,Iraq,IQ
Al Batinah North Governorate,,Oman,OM
Al Madinah Region,,Saudi Arabia,SA
Al Wahat District,,Libya,LY
'Asir Region,,Saudi Arabia,SA
Abruzzo,,Italy,IT
Acre,,Brazil,BR
Adamawa Region,,Cameroon,CM
Adamawa,,Nigeria,NG
Aden Governorate,,Yemen,YE
Afar Region,,Ethiopia,ET
Afyonkarahisar Province,,Turkey,TR
Agadez Region,,Niger,NE
Ahal Region,,Turkmenistan,TM
Ahmadi Governorate,,Kuwait,KW
Ahuachap·n Department,,El Salvador,SV
Aichi Prefecture,,Japan,JP
Ailinglaplap Atoll,,Marshall Islands,MH
Aiwo District,,Nauru,NR
Akwa Ibom,,Nigeria,NG
Al Jawf Region,,Saudi Arabia,SA
Al Sharqia Governorate,,Egypt,EG
Al-Qassim Province,,Saudi Arabia,SA
Alabama,,United States,US
Alagoas,,Brazil,BR
Alajuela Province,,Costa Rica,CR
Alaotra-Mangoro,,Madagascar,MG
Alaska,,United States,US
Alba County,,Romania,RO
Alberta,,Canada,CA
Alexandria Governorate,,Egypt,EG
Alibori Department,,Benin,BJ
Alif Alif Atoll,,Maldives,MV
Almaty Region,,Kazakhstan,KZ
Alsace,,France,FR
Altai Krai,,Russia,RU
Alto Paran· Department,,Paraguay,PY
Amambay Department,,Paraguay,PY
Amap·,,Brazil,BR
Amazonas,,Brazil,BR
Amazonas Region,,Peru,PE
Amoron'i Mania,,Madagascar,MG
An Giang Province,,Vietnam,VN
Analanjirofo,,Madagascar,MG
Ancash Region,,Peru,PE
Andalusia,,Spain,ES
Andaman and Nicobar Islands,,India,IN
Andhra Pradesh,,India,IN
Andijan Region,,Uzbekistan,UZ
Andorra la Vella,,Andorra,AD
Androy,,Madagascar,MG
Anenii Noi District,,Moldova,MD
Ang Thong,,Thailand,TH
Anjouan,,Comoros,KM
Ankara Province,,Turkey,TR
Anosy Region,,Madagascar,MG
Antioquia,,Colombia,CO
Antofagasta Region,,Chile,CL
Aomori Prefecture,,Japan,JP
Aosta Valley,,Italy,IT
Apure,,Venezuela,VE
ApurÌmac Region,,Peru,PE
Aquitaine,,France,FR
Arad County,,Romania,RO
AragÛn,,Spain,ES
Arauca,,Colombia,CO
AraucanÌa Region,,Chile,CL
Arequipa Region,,Peru,PE
Ariana Governorate,,Tunisia,TN
Arizona,,United States,US
Arkansas,,United States,US
Artibonite Department,,Haiti,HT
Arua District,,Uganda,UG
Arunachal Pradesh,,India,IN
Ashanti Region,,Ghana,GH
Assam,,India,IN
AsunciÛn,,Paraguay,PY
Aswan Governorate,,Egypt,EG
Asyut Governorate,,Egypt,EG
Atakora Department,,Benin,BJ
Atlantico,,Colombia,CO
Atlantique Department,,Benin,BJ
Atl·ntida Department,,Honduras,HN
Atsimo-Andrefana,,Madagascar,MG
Atsimo-Atsinanana,,Madagascar,MG
Atsinanana,,Madagascar,MG
Attapeu Province,,Laos,LA
Attica,,Greece,GR
Atyrau Region,,Kazakhstan,KZ
Auckland Region,,New Zealand,NZ
Australian Capital Territory,,Australia,AU
Autonomous Region in Muslim Mindanao,,Philippines,PH
Auvergne,,France,FR
Aveiro District,,Portugal,PT
Awdal,,Somalia,SO
Ayacucho Region,,Peru,PE
Ayutthaya,,Thailand,TH
Azad Kashmir,,Pakistan,PK
Azores,,Portugal,PT
Azuay Province,,Ecuador,EC
AÔn Defla Province,,Algeria,DZ
AÔn TÈmouchent Province,,Algeria,DZ
Baa Atoll,,Maldives,MV
Babil Governorate,,Iraq,IQ
Baden-W¸rttemberg,,Germany,DE
Bafat· Region,,Guinea-Bissau,GW
Baghlan Province,,Afghanistan,AF
Bahia,,Brazil,BR
Baja California,,Mexico,MX
Baja California Sur,,Mexico,MX
Baku,,Azerbaijan,AZ
Balearic Islands,,Spain,ES
Balkh Province,,Afghanistan,AF
Bamako,,Mali,ML
Bangkok,,Thailand,TH
Banjul,,The Gambia,GM
Banteay Meanchey Province,,Cambodia,KH
Bar Municipality,,Montenegro,ME
Baranya County,,Hungary,HU
Barbuda,,Antigua,AG
Barda District,,Azerbaijan,AZ
Bari,,Somalia,SO
Barinas,,Venezuela,VE
Barisal Division,,Bangladesh,BD
Bas-Congo,,Republic of the Congo,CG
Bas-Sassandra,,CÙte d&#039;Ivoire,CI
Bashkortostan,,Russia,RU
Basilicata,,Italy,IT
Basra Governorate,,Iraq,IQ
Basse-Normandie,,France,FR
Battambang Province,,Cambodia,KH
Bauchi State,,Nigeria,NG
Bay,,Somalia,SO
Bay of Plenty Region,,New Zealand,NZ
Bayan-÷lgii Province,,Mongolia,MN
Bayelsa,,Nigeria,NG
Bayern,,Germany,DE
Beau Vallon,,Seychelles,SC
Beheira Governorate,,Egypt,EG
Beirut Governorate,,Lebanon,LB
Beja District,,Portugal,PT
Belait District,,Brunei,BN
Belgorod Oblast,,Russia,RU
Belize District,,Belize,BZ
Ben Arous Governorate,,Tunisia,TN
Bengkulu,,Indonesia,ID
Bengo Province,,Angola,AO
Benguela Province,,Angola,AO
Beni Department,,Bolivia,BO
Beni Suef Governorate,,Egypt,EG
Benishangul-Gumuz Region,,Ethiopia,ET
BenuÈ,,Nigeria,NG
Beqaa Governorate,,Lebanon,LB
Berat County,,Albania,AL
Berlin,,Germany,DE
Betsiboka,,Madagascar,MG
Bheri Zone,,Nepal,NP
Bihar,,India,IN
Bihor County,,Romania,RO
Bijelo Polje Municipality,,Montenegro,ME
Bioko Norte Province,,Equatorial Guinea,GQ
Bioko Sur Province,,Equatorial Guinea,GQ
Biombo Region,,Guinea-Bissau,GW
Bishkek,,Kyrgyzstan,KG
Biskra Province,,Algeria,DZ
Bissau,,Guinea-Bissau,GW
Bizerte Governorate,,Tunisia,TN
BiÈ Province,,Angola,AO
Blagoevgrad Province,,Bulgaria,BG
Blantyre District,,Malawi,MW
Blida Province,,Algeria,DZ
Boa Vista,,Cape Verde,CV
Boeny,,Madagascar,MG
Bogovinje Municipality,,Macedonia,MK
Bokeo Province,,Laos,LA
BokÈ Region,,Guinea,GN
Bolikhamsai Province,,Laos,LA
Bolivar,,Colombia,CO
BolÌvar Province,,Ecuador,EC
Bongolava,,Madagascar,MG
BoquerÛn department,,Paraguay,PY
Bordj Bou ArrÈridj Province,,Algeria,DZ
Borgou Department,,Benin,BJ
Borno State,,Nigeria,NG
Borsod-Aba˙j-ZemplÈn County,,Hungary,HU
BoumerdËs Province,,Algeria,DZ
Bourgogne,,France,FR
BouÔra Province,,Algeria,DZ
Boyaca,,Colombia,CO
Braga District,,Portugal,PT
Braganca,,Portugal,PT
Brandenburg,,Germany,DE
Bratislava Region,,Slovakia,SK
Brava,,Cape Verde,CV
Brazzaville,,Republic of the Congo,CG
Bremen,,Germany,DE
Brest Region,,Belarus,BY
Bretagne,,France,FR
British Columbia,,Canada,CA
Brong-Ahafo Region,,Ghana,GH
Brunei-Muara District,,Brunei,BN
Brussels,,Belgium,BE
Bubanza Province,,Burundi,BI
Bucharest,,Romania,RO
Budapest,,Hungary,HU
Budva Municipality,,Montenegro,ME
Buenos Aires,,Argentina,AR
Bujumbura Rural Province,,Burundi,BI
Bukhara Region,,Uzbekistan,UZ
Bulawayo,,Zimbabwe,ZW
Bulgan Province,,Mongolia,MN
Bumthang District,,Bhutan,BT
Burgas Province,,Bulgaria,BG
Burgenland,,Austria,AT
Buriram,,Thailand,TH
Bursa Province,,Turkey,TR
Bururi Province,,Burundi,BI
Buryatia,,Russia,RU
Busan,,South Korea,KR
Butnan District,,Libya,LY
B·cs-Kiskun County,,Hungary,HU
BÈchar Province,,Algeria,DZ
BÈja Governorate,,Tunisia,TN
BÈkÈs County,,Hungary,HU
BÌo BÌo Region,,Chile,CL
Caaguaz˙ Department,,Paraguay,PY
Cabinda Province,,Angola,AO
Cabo Delgado Province,,Mozambique,MZ
Cacheu Region,,Guinea-Bissau,GW
Cagayan Valley,,Philippines,PH
Cahul District,,Moldova,MD
Cajamarca Region,,Peru,PE
Calabria,,Italy,IT
Caldas,,Colombia,CO
California,,United States,US
Callao,,Peru,PE
Campania,,Italy,IT
Campeche,,Mexico,MX
Cankuzo Province,,Burundi,BI
Cantabria,,Spain,ES
Canterbury,,New Zealand,NZ
Canton of Geneva,,Switzerland,CH
Capital Governorate,,Kuwait,KW
Caqueta,,Colombia,CO
Caraga,,Philippines,PH
Carchi Province,,Ecuador,EC
Carinthia,,Austria,AT
Casanare,,Colombia,CO
Castelo Branco District,,Portugal,PT
Castilla y Leon,,Spain,ES
Castilla-La Mancha,,Spain,ES
CataluÒa,,Spain,ES
Catamarca,,Argentina,AR
Cauca,,Colombia,CO
Cayo District,,Belize,BZ
CaÒar Province,,Ecuador,EC
Cear·,,Brazil,BR
Central Bohemian Region,,Czech Republic,CZ
Central Department,,Paraguay,PY
Central District,,Israel,IL
Central District ,,Israel,IL
Central Division,,Fiji,FJ
Central Governorate,,Bahrain,BH
Central Greece,,Greece,GR
Central Macedonia,,Greece,GR
Central Province,,Kenya,KE
Central Region,,Ghana,GH
Central Slovenia Statistical Region,,Slovenia,SI
Central Sulawesi,,Indonesia,ID
Central Visayas,,Philippines,PH
Centre,,France,FR
Centre Department,,Haiti,HT
Centre Region,,Cameroon,CM
Cesar,,Colombia,CO
Chachoengsao,,Thailand,TH
Chaco,,Paraguay,PY
Chaguanas,,Trinidad and Tobago,TT
Chaiyaphum,,Thailand,TH
Champagne-Ardenne,,France,FR
Champasak Province,,Laos,LA
Chandigarh,,India,IN
Changhua,,Taiwan,TW
Chaouia-Ouardigha,,Morocco,MA
Chechnya,,Russia,RU
Chelyabinsk Oblast,,Russia,RU
Cherkasy Oblast,,Ukraine,UA
Chernihiv Oblast,,Ukraine,UA
Chernivtsi Oblast,,Ukraine,UA
Chhattisgarh,,India,IN
Chiang Mai,,Thailand,TH
Chiang Rai,,Thailand,TH
Chiapas,,Mexico,MX
Chiayi,,Taiwan,TW
Chiba Prefecture,,Japan,JP
Chihuahua,,Mexico,MX
Chimborazo Province,,Ecuador,EC
Chinandega Department,,Nicaragua,NI
Choco,,Colombia,CO
Chon Buri,,Thailand,TH
Chontales Department,,Nicaragua,NI
Chubut,,Argentina,AR
Chukha District,,Bhutan,BT
Chumphon,,Thailand,TH
Chungcheongbuk-do,,South Korea,KR
Chungcheongnam-do,,South Korea,KR
Chuquisaca Department,,Bolivia,BO
Chuvashia,,Russia,RU
Chuy Region,,Kyrgyzstan,KG
Cibitoke Province,,Burundi,BI
City of San Marino,,San Marino,SM
Ciudad AutÛnoma de Buenos Aires,,Argentina,AR
Cluj County,,Romania,RO
Coahuila de Zaragoza,,Mexico,MX
Coast Province,,Kenya,KE
Cochabamba Department,,Bolivia,BO
Coimbra District,,Portugal,PT
Cojedes,,Venezuela,VE
Colima,,Mexico,MX
Collines Department,,Benin,BJ
Colorado,,United States,US
ColÛn Department,,Honduras,HN
Comayagua Department,,Honduras,HN
ComoÈ District,,CÙte d&#039;Ivoire,CI
Comunidad Valenciana,,Spain,ES
Comunidad de Madrid,,Spain,ES
ConcepciÛn Department,,Paraguay,PY
Connecticut,,United States,US
Copperbelt Province,,Zambia,ZM
Coquimbo Region,,Chile,CL
Cordillera Administrative Region,,Philippines,PH
Cordoba,,Colombia,CO
Corrientes,,Argentina,AR
Corse,,France,FR
CortÈs Department,,Honduras,HN
Cotopaxi Province,,Ecuador,EC
County Clare,,Ireland,IE
County Cork,,Ireland,IE
County Louth,,Ireland,IE
County Mayo,,Ireland,IE
County Meath,,Ireland,IE
County Tipperary,,Ireland,IE
County Westmeath,,Ireland,IE
Couva-Tabaquite-Talparo Regional Corporation,,Trinidad and Tobago,TT
Covasna County,,Romania,RO
Crete,,Greece,GR
Cross River,,Nigeria,NG
Csongr·d County,,Hungary,HU
Cuando Cubango Province,,Angola,AO
Cuanza Norte Province,,Angola,AO
Cuanza Sul Province,,Angola,AO
Cundinamarca,,Colombia,CO
Cunene Province,,Angola,AO
Cusco Region,,Peru,PE
C‡ Mau Province,,Vietnam,VN
CÛrdoba,,Argentina,AR
Da Nang,,Vietnam,VN
Dadra and Nagar Haveli,,India,IN
Daegu,,South Korea,KR
Daejeon,,South Korea,KR
Dagestan,,Russia,RU
Dakahlia Governorate,,Egypt,EG
Dakar Region,,Senegal,SN
Daman and Diu,,India,IN
Damietta Governorate,,Egypt,EG
Darkhan-Uul Province,,Mongolia,MN
Davao Region,,Philippines,PH
Delaware,,United States,US
Delhi,,India,IN
Delta Amacuro,,Venezuela,VE
Delta State,,Nigeria,NG
Demerara-Mahaica,,Guyana,GY
Demir Kapija Municipality,,Macedonia,MK
DenguÈlÈ,,CÙte d&#039;Ivoire,CI
Denizli Province,,Turkey,TR
Derna District,,Libya,LY
Dhawalagiri Zone,,Nepal,NP
Dhi Qar Governorate,,Iraq,IQ
Dhofar Governorate,,Oman,OM
Diana Region,,Madagascar,MG
DibÎr County,,Albania,AL
Diekirch District,,Luxembourg,LU
Diffa Region,,Niger,NE
Diourbel Region,,Senegal,SN
Dire Dawa,,Ethiopia,ET
District of Columbia,,United States,US
Districts of Republican Subordination,,Tajikistan,TJ
Distrito Especial,,Colombia,CO
Distrito Federal,,Mexico,MX
Distrito Nacional,,Dominican Republic,DO
Diyala Governorate,,Iraq,IQ
Djibouti,,Djibouti,DJ
Djibouti ,,Djibouti,DJ
Dnipropetrovsk Oblast,,Ukraine,UA
Dobrich Province,,Bulgaria,BG
Dohuk Governorate,,Iraq,IQ
Dolj County,,Romania,RO
Donegal,,Ireland,IE
Donetsk Oblast,,Ukraine,UA
Donga Department,,Benin,BJ
Dornod Province,,Mongolia,MN
Doukkala-Abda,,Morocco,MA
Drochia District,,Moldova,MD
Dubai,,United Arab Emirates,AE
Dublin,,Ireland,IE
Durango,,Mexico,MX
DurrÎs County,,Albania,AL
East Berbice-Corentyne,,Guyana,GY
East Kazakhstan Region,,Kazakhstan,KZ
East New Britain Province,,Papua New Guinea,PG
East Region,,Cameroon,CM
East Region ,,Cameroon,CM
East Sepik Province,,Papua New Guinea,PG
Eastern Cape,,South Africa,ZA
Eastern District,,Hong Kong,HK
Eastern Highlands Province,,Papua New Guinea,PG
Eastern Macedonia and Thrace,,Greece,GR
Eastern Province,,Kenya,KE
Eastern Region,,Ghana,GH
Eastern Visayas,,Philippines,PH
Ehime Prefecture,,Japan,JP
Ekiti,,Nigeria,NG
El Bayadh Province,,Algeria,DZ
El Oro Province,,Ecuador,EC
El Oued Province,,Algeria,DZ
El ParaÌso Department,,Honduras,HN
El Taref Province,,Algeria,DZ
Elbasan County,,Albania,AL
Emilia-Romagna,,Italy,IT
Emirate of Sharjah,,United Arab Emirates,AE
Enga Province,,Papua New Guinea,PG
England,,United Kingdom,GB
Entre Rios,,Argentina,AR
Enugu State,,Nigeria,NG
Epirus,,Greece,GR
Equatoria,,South Sudan,SS
Erongo Region,,Namibia,NA
Erzurum Province,,Turkey,TR
Escuintla Department,,Guatemala,GT
Esmeraldas Province,,Ecuador,EC
EspÌrito Santo,,Brazil,BR
EstelÌ Department,,Nicaragua,NI
Estuaire Province,,Gabon,GA
Extremadura,,Spain,ES
Faiyum Governorate,,Egypt,EG
FalcÛn,,Venezuela,VE
Far North Region,,Cameroon,CM
Farah Province,,Afghanistan,AF
Faranah Region,,Guinea,GN
Faro District,,Portugal,PT
Farwaniya Governorate,,Kuwait,KW
Faryab Province,,Afghanistan,AF
Fatick Region,,Senegal,SN
Federal Capital Territory,,Nigeria,NG
Federal District,,Brazil,BR
Federally Administered Tribal Areas,,Pakistan,PK
FejÈr County,,Hungary,HU
Fergana Region,,Uzbekistan,UZ
Fier County,,Albania,AL
Flacq District,,Mauritius,MU
Flemish Region,,Belgium,BE
Florida,,United States,US
Fogo,,Cape Verde,CV
Formosa,,Argentina,AR
Franche-ComtÈ,,France,FR
Francisco Moraz·n Department,,Honduras,HN
Free State,,South Africa,ZA
Friuli-Venezia Giulia,,Italy,IT
Fukui Prefecture,,Japan,JP
Fukuoka Prefecture,,Japan,JP
Fukushima Prefecture,,Japan,JP
FËs-Boulemane,,Morocco,MA
Gabrovo Province,,Bulgaria,BG
GabËs Governorate,,Tunisia,TN
Gab˙ Region,,Guinea-Bissau,GW
Gafsa Governorate,,Tunisia,TN
Gagauzia,,Moldova,MD
Galicia,,Spain,ES
Galway,,Ireland,IE
Gambela Region,,Ethiopia,ET
Gangwon-do,,South Korea,KR
Ganja,,Azerbaijan,AZ
Gauteng,,South Africa,ZA
Gaza Province,,Mozambique,MZ
Gaziantep Province,,Turkey,TR
Gelderland,,Netherlands,NL
Georgia,,United States,US
Gevgelija Municipality,,Macedonia,MK
Gharb-Chrarda-BÈni Hssen,,Morocco,MA
Gharbia Governorate,,Egypt,EG
GhardaÔa Province,,Algeria,DZ
Ghazni Province,,Afghanistan,AF
Gia Lai Province,,Vietnam,VN
Gifu Prefecture,,Japan,JP
Gilgit-Baltistan,,Pakistan,PK
Gisborne District,,New Zealand,NZ
Gitega Province,,Burundi,BI
Giza Governorate,,Egypt,EG
GjirokastÎr County,,Albania,AL
Goa,,India,IN
Goi·s,,Brazil,BR
Gombe State,,Nigeria,NG
Gomel Region,,Belarus,BY
Gorj County,,Romania,RO
Gorno-Badakhshan Autonomous Region,,Tajikistan,TJ
Gorontalo,,Indonesia,ID
Gostivar Municipality,,Macedonia,MK
Goychay District,,Azerbaijan,AZ
Gozo,,Malta,MT
Grand Port District,,Mauritius,MU
Grand'Anse Department,,Haiti,HT
Grande Comore,,Comoros,KM
Greater Accra Region,,Ghana,GH
Greater Poland Voivodeship,,Poland,PL
Grodno Region,,Belarus,BY
Groningen,,Netherlands,NL
Guadalcanal Province,,Solomon Islands,SB
Guair· Department,,Paraguay,PY
Guanacaste Province,,Costa Rica,CR
Guanajuato,,Mexico,MX
Guarda District,,Portugal,PT
Guatemala Department,,Guatemala,GT
Guaviare,,Colombia,CO
Guayas Province,,Ecuador,EC
Guelma Province,,Algeria,DZ
Guelmim-Es Semara,,Morocco,MA
Guerrero,,Mexico,MX
Gujarat,,India,IN
Gulu District,,Uganda,UG
Gunma Prefecture,,Japan,JP
Guria,,Georgia,GE
Gu·rico,,Venezuela,VE
Gwangju,,South Korea,KR
Gyeonggi-do,,South Korea,KR
Gyeongsangbuk-do,,South Korea,KR
Gyeongsangnam-do,,South Korea,KR
GÙh-Djiboua District,,CÙte d&#039;Ivoire,CI
Ha'il Region,,Saudi Arabia,SA
Hadhramaut Governorate,,Yemen,YE
Haiphong,,Vietnam,VN
Hajd˙-Bihar County,,Hungary,HU
Halabja Governorate,,Iraq,IQ
Hamburg,,Germany,DE
Hanoi,,Vietnam,VN
Harare Province,,Zimbabwe,ZW
Harari Region,,Ethiopia,ET
Harghita County,,Romania,RO
Haryana,,India,IN
Haskovo Province,,Bulgaria,BG
Hatay Province,,Turkey,TR
Haut-OgoouÈ Province,,Gabon,GA
Haute Matsiatra,,Madagascar,MG
Haute-Normandie,,France,FR
Hawaii,,United States,US
Hawalli Governorate,,Kuwait,KW
Hawke's Bay,,New Zealand,NZ
Helmand Province,,Afghanistan,AF
Herat Province,,Afghanistan,AF
Herceg Novi Municipality,,Montenegro,ME
Hessen,,Germany,DE
Heves County,,Hungary,HU
Hhohho Region,,Swaziland,SZ
Hidalgo,,Mexico,MX
Himachal Pradesh,,India,IN
Hiroshima Prefecture,,Japan,JP
Ho Chi Minh City,,Vietnam,VN
Hoima District,,Uganda,UG
Hokkaido,,Japan,JP
Hong Kong,,Hong Kong,HK
Honiara,,Solomon Islands,SB
Houaphanh Province,,Laos,LA
Hsinchu,,Taiwan,TW
Hualien,,Taiwan,TW
Huambo Province,,Angola,AO
Huancavelica Region,,Peru,PE
Huehuetenango Department,,Guatemala,GT
Huila,,Colombia,CO
Hunedoara County,,Romania,RO
Hu·nuco Region,,Peru,PE
HuÌla Province,,Angola,AO
H‡ Giang Province,,Vietnam,VN
H‡ Nam Province,,Vietnam,VN
HÚa BÏnh Province,,Vietnam,VN
Ialoveni District,,Moldova,MD
Ibaraki Prefecture,,Japan,JP
Ibb Governorate,,Yemen,YE
Ica Region,,Peru,PE
Idaho,,United States,US
Ihorombe,,Madagascar,MG
Ilhas,,French Polynesia,PF
Illinois,,United States,US
Illizi Province,,Algeria,DZ
Ilocos Region,,Philippines,PH
Imbabura Province,,Ecuador,EC
Imereti,,Georgia,GE
Imo State,,United States,US
Incheon,,South Korea,KR
Indiana,,United States,US
Inhambane Province,,Mozambique,MZ
Intibuc· Department,,Honduras,HN
Ionian Islands,,Greece,GR
Iowa,,United States,US
Irbid Governorate,,Jordan,JO
Irkutsk Oblast,,Russia,RU
Ishikawa Prefecture,,Japan,JP
Islas Canarias,,Spain,ES
Ismailia Governorate,,Egypt,EG
Isparta Province,,Turkey,TR
Issyk Kul Region,,Kyrgyzstan,KG
Istria County,,Croatia,HR
Itap˙a Department,,Paraguay,PY
Itasy Region,,Madagascar,MG
Ivano-Frankivsk Oblast,,Ukraine,UA
Iwate Prefecture,,Japan,JP
Jabal al Akhdar,,Libya,LY
Jahra Governorate,,Kuwait,KW
Jalisco,,Mexico,MX
Jambyl Region,,Kazakhstan,KZ
Jammu and Kashmir,,India,IN
Janakpur Zone,,Nepal,NP
Jeju-do,,South Korea,KR
Jendouba Governorate,,Tunisia,TN
Jeollabuk-do,,South Korea,KR
Jeollanam-do,,South Korea,KR
Jerusalem,,Israel,IL
Jharkhand,,India,IN
Jigawa,,Nigeria,NG
Jijel Province,,Algeria,DZ
Jilin,,Slovakia,SK
Jinja District,,Uganda,UG
Jizan Region,,Saudi Arabia,SA
Jizzakh Region,,Uzbekistan,UZ
Johor,,Malaysia,MY
Jozjan,,Turkey,TR
Jujuy,,Argentina,AR
JunÌn Region,,Peru,PE
J·sz-Nagykun-Szolnok County,,Hungary,HU
Kaafu Atoll,,Maldives,MV
Kabardino-Balkaria,,Russia,RU
Kabarole District,,Uganda,UG
Kaduna State,,Nigeria,NG
Kafr el-Sheikh Governorate,,Egypt,EG
Kagawa Prefecture,,Japan,JP
Kagoshima Prefecture,,Japan,JP
Kairouan Governorate,,Tunisia,TN
Kakheti,,Georgia,GE
Kalasin,,Thailand,TH
Kalmar County,,Sweden,SE
Kampala District,,Uganda,UG
Kampong Cham Province,,Cambodia,KH
Kampong Chhnang Province,,Cambodia,KH
Kampong Speu Province,,Cambodia,KH
Kampong Thom Province,,Cambodia,KH
Kampot Province,,Cambodia,KH
Kanagawa Prefecture,,Japan,JP
Kanchanaburi,,Thailand,TH
Kandahar Province,,Afghanistan,AF
Kandal Province,,Cambodia,KH
Kankan Region,,Guinea,GN
Kano State,,Nigeria,NG
Kansas,,United States,US
Kaohsiung,,Taiwan,TW
Kaolack Region,,Senegal,SN
Karachay-Cherkessia,,Russia,RU
Karaganda Region,,Kazakhstan,KZ
Karakalpakstan,,Uzbekistan,UZ
Karaman Province,,Turkey,TR
Karbala Governorate,,Iraq,IQ
Kardzhali Province,,Bulgaria,BG
Karnali Zone,,Nepal,NP
Karnataka,,India,IN
Karuzi Province,,Burundi,BI
Kasese District,,Uganda,UG
Kasserine Governorate,,Tunisia,TN
Katsina State,,Nigeria,NG
Kaunas County,,Lithuania,LT
Kavadarci Municipality,,Macedonia,MK
Kayanza Province,,Burundi,BI
Kayes Region,,Mali,ML
Kayseri Province,,Turkey,TR
Kebbi,,Nigeria,NG
Kebili Governorate,,Tunisia,TN
Kedah,,Malaysia,MY
Keelung,,Taiwan,TW
Kef Governorate,,Tunisia,TN
Kelantan,,Malaysia,MY
Kemerovo Oblast,,Russia,RU
Kentucky,,United States,US
Kep Province,,Cambodia,KH
Kerala,,India,IN
Kerry,,Ireland,IE
Khabarovsk Krai,,Russia,RU
Khammouane Province,,Laos,LA
Khanty-Mansi Autonomous Okrug,,Russia,RU
Kharkiv Oblast,,Ukraine,UA
Khatlon Region,,Tajikistan,TJ
Khenchela Province,,Algeria,DZ
Kherson Oblast,,Ukraine,UA
Khmelnytskyi Oblast,,Ukraine,UA
Khojaly District,,Azerbaijan,AZ
Khojavend District,,Azerbaijan,AZ
Khomas Region,,Namibia,NA
Khon Kaen,,Thailand,TH
Khost Province,,Afghanistan,AF
Kh·nh HÚa Province,,Vietnam,VN
Khˆvsgˆl Province,,Mongolia,MN
Kiev,,Ukraine,UA
Kiev Oblast,,Ukraine,UA
Kigali,,Rwanda,RW
Kildare,,Ireland,IE
Kindia Region,,Guinea,GN
Kingston Parish,,Jamaica,JM
Kinmen,,Taiwan,TW
Kirkuk Governorate,,Iraq,IQ
Kirovohrad Oblast,,Ukraine,UA
Kirundo Province,,Burundi,BI
KiÍn Giang Province,,Vietnam,VN
Kocaeli Province,,Turkey,TR
Kogi,,Nigeria,NG
Koh Kong Province,,Cambodia,KH
Kom·rom-Esztergom County,,Hungary,HU
Konya Province,,Turkey,TR
KorÁÎ County,,Albania,AL
Kostanay Region,,Kazakhstan,KZ
Krasnodar Krai,,Russia,RU
Krasnoyarsk Krai,,Russia,RU
KratiÈ Province,,Cambodia,KH
Kriva Palanka Municipality,,Macedonia,MK
Kuala Lumpur,,Malaysia,MY
KukÎs County,,Albania,AL
Kumamoto Prefecture,,Japan,JP
Kumanovo Municipality,,Macedonia,MK
Kunar Province,,Afghanistan,AF
Kunduz Province,,Afghanistan,AF
Kursk Oblast,,Russia,RU
Kurzeme Region,,Latvia,LV
Kuyavian-Pomeranian Voivodeship,,Poland,PL
Kvemo Kartli,,Georgia,GE
KwaZulu-Natal,,South Africa,ZA
Kyiv,,Ukraine,UA
Kyoto Prefecture,,Japan,JP
Kyzylorda Region,,Kazakhstan,KZ
K¸tahya Province,,Turkey,TR
La Condamine,,Monaco,MC
La Guajira,,Colombia,CO
La Libertad Department,,El Salvador,SV
La Libertad Region,,Peru,PE
La Pampa,,Argentina,AR
La Paz Department,,Bolivia,BO
La Rioja,,Spain,ES
La UniÛn Department,,El Salvador,SV
Labuan,,Malaysia,MY
LabÈ Region,,Guinea,GN
Lacs District,,CÙte d&#039;Ivoire,CI
Laghman Province,,Afghanistan,AF
Laghouat Province,,Algeria,DZ
Lagos State,,Nigeria,NG
Lagunes,,CÙte d&#039;Ivoire,CI
Lagunes District,,CÙte d&#039;Ivoire,CI
Lambayeque Region,,Peru,PE
Lampang,,Thailand,TH
Lamphun,,Thailand,TH
Languedoc-Roussillon,,France,FR
Lankaran District,,Azerbaijan,AZ
Larnaca District,,Cyprus,CY
Latgale,,Latvia,LV
Lazio,,Italy,IT
La‚youne-Boujdour-Sakia El Hamra,,Morocco,MA
Leiria District,,Portugal,PT
Lesser Poland Voivodeship,,Poland,PL
LezhÎ County,,Albania,AL
LeÛn Department,,Nicaragua,NI
Liguria,,Italy,IT
Lilongwe District,,Malawi,MW
Lima Region,,Peru,PE
Limassol District,,Cyprus,CY
Limerick,,Ireland,IE
Limousin,,France,FR
Limpopo,,South Africa,ZA
Lipkovo Municipality,,Macedonia,MK
Lisbon District,,Portugal,PT
Litoral Province,,Equatorial Guinea,GQ
Littoral Department,,Benin,BJ
Littoral Region,,Cameroon,CM
Lofa County,,Liberia,LR
Logone Occidental Region,,Chad,TD
Loja Province,,Ecuador,EC
Lombardia,,Italy,IT
Long An Province,,Vietnam,VN
Loreto Region,,Peru,PE
Lorraine,,France,FR
Los Lagos Region,,Chile,CL
Los RÌos Province,,Ecuador,EC
Los RÌos Region,,Chile,CL
Louga Region,,Senegal,SN
Louisiana,,United States,US
Lower Austria,,Austria,AT
Lower Juba,,Somalia,SO
Lower Shebelle,,Somalia,SO
Lower Silesian Voivodeship,,Poland,PL
Luanda Province,,Angola,AO
Luang Namtha Province,,Laos,LA
Luang Prabang Province,,Laos,LA
Lublin Voivodeship,,Poland,PL
Lubusz Voivodeship,,Poland,PL
Luhansk Oblast,,Ukraine,UA
Lunda Norte Province,,Angola,AO
Lunda Sul Province,,Angola,AO
Lusaka Province,,Zambia,ZM
Luxembourg District,,Luxembourg,LU
Luxor Governorate,,Egypt,EG
Lviv Oblast,,Ukraine,UA
L‡o Cai Province,,Vietnam,VN
M'Sila Province,,Algeria,DZ
Madang Province,,Papua New Guinea,PG
Madeira,,Portugal,PT
Madhya Pradesh,,India,IN
Madre de Dios Region,,Peru,PE
Maekel Region,,Eritrea,ER
Mafraq Governorate,,Jordan,JO
Magdalena,,Colombia,CO
Maha Sarakham,,Thailand,TH
Mahakali Zone,,Nepal,NP
Maharashtra,,India,IN
Mahdia Governorate,,Tunisia,TN
Maine,,United States,US
Maio,,Cape Verde,CV
Makamba Province,,Burundi,BI
Malacca,,Malaysia,MY
Malanje Province,,Angola,AO
Malatya Province,,Turkey,TR
Maldonado Department,,Uruguay,UY
Maluku,,Indonesia,ID
Mamou Region,,Guinea,GN
ManabÌ Province,,Ecuador,EC
Managua Department,,Nicaragua,NI
Manawatu-Wanganui,,New Zealand,NZ
Manchester Parish,,Jamaica,JM
Mangystau Region,,Kazakhstan,KZ
Manica Province,,Mozambique,MZ
Manipur,,India,IN
Manisa Province,,Turkey,TR
Manitoba,,Canada,CA
Manouba Governorate,,Tunisia,TN
Manzini Region,,Swaziland,SZ
Maputo,,Mozambique,MZ
Maputo Province,,Mozambique,MZ
Mara,,Morocco,MA
Maradi Region,,Niger,NE
Maranh„o,,Brazil,BR
Marche,,Italy,IT
Mardin Province,,Turkey,TR
Maritime Region,,Togo,TG
Marlborough Region,,New Zealand,NZ
Maryland,,United States,US
Masaka District,,Uganda,UG
Masally District,,Azerbaijan,AZ
Masaya Department,,Nicaragua,NI
Mascara Province,,Algeria,DZ
Maseru District,,Lesotho,LS
Masindi District,,Uganda,UG
Masovian Voivodeship,,Poland,PL
Massachusetts,,United States,US
Matagalpa Department,,Nicaragua,NI
Matam Region,,Senegal,SN
Mato Grosso,,Brazil,BR
Mato Grosso do Sul,,Brazil,BR
Matrouh Governorate,,Egypt,EG
Maule Region,,Chile,CL
Maysan Governorate,,Iraq,IQ
Mbale District,,Uganda,UG
Mbarara District,,Uganda,UG
Mecklenburg-Vorpommern,,Germany,DE
Medenine Governorate,,Tunisia,TN
Meghalaya,,India,IN
MeknËs-Tafilalet,,Morocco,MA
Melaky,,Madagascar,MG
Menabe,,Madagascar,MG
Mendoza,,Argentina,AR
Mersin Province,,Turkey,TR
Meta,,Colombia,CO
Miaoli,,Taiwan,TW
Michigan,,United States,US
Michoac·n de Ocampo,,Mexico,MX
Midi-PyrÈnÈes,,France,FR
Mie Prefecture,,Japan,JP
Mila Province,,Algeria,DZ
Mimaropa,,Philippines,PH
Minas Gerais,,Brazil,BR
Mingachevir,,Azerbaijan,AZ
Minnesota,,United States,US
Minsk,,Belarus,BY
Minsk Region,,Belarus,BY
Minya Governorate,,Egypt,EG
Misiones,,Argentina,AR
Mississippi,,United States,US
Missouri,,United States,US
Miyagi Prefecture,,Japan,JP
Miyazaki Prefecture,,Japan,JP
Mizoram,,India,IN
Mogilev Region,,Belarus,BY
MohÈli,,Comoros,KM
Moka District,,Mauritius,MU
Molise,,Italy,IT
Mon State,,United States,US
Monagas,,Venezuela,VE
Monastir Governorate,,Tunisia,TN
Mondulkiri Province,,Cambodia,KH
Mongar District,,Bhutan,BT
Mono Department,,Benin,BJ
Mont Buxton,,Seychelles,SC
Montagnes District,,CÙte d&#039;Ivoire,CI
Montana,,United States,US
Montana Province,,Bulgaria,BG
Montevideo Department,,Uruguay,UY
Montserrado County,,Liberia,LR
Monufia Governorate,,Egypt,EG
Mopti Region,,Mali,ML
Moquegua Region,,Peru,PE
Moravian-Silesian Region,,Czech Republic,CZ
Moraz·n Department,,El Salvador,SV
Morelos,,Mexico,MX
Morobe Province,,Papua New Guinea,PG
Morona-Santiago Province,,Ecuador,EC
Moscow,,Russia,RU
Moscow Oblast,,Russia,RU
Mostaganem Province,,Algeria,DZ
Mount Lebanon Governorate,,Lebanon,LB
Moxico Province,,Angola,AO
Moyen-Chari Region,,Chad,TD
Mpumalanga,,South Africa,ZA
Mubende District,,Uganda,UG
Mudug,,Somalia,SO
Mukdahan,,Thailand,TH
Mukono District,,Uganda,UG
Municipality of Centar,,Macedonia,MK
Muramvya Province,,Burundi,BI
Murqub District,,Libya,LY
Muthanna Governorate,,Iraq,IQ
Muyinga Province,,Burundi,BI
Mwanza,,Malawi,MW
Mwaro Province,,Burundi,BI
Mykolaiv Oblast,,Ukraine,UA
Mzimba District,,Malawi,MW
MÈdÈa Province,,Algeria,DZ
MÈrida,,Venezuela,VE
N'Djamena,,Chad,TD
Nabatieh Governorate,,Lebanon,LB
Nabeul Governorate,,Tunisia,TN
Nagaland,,India,IN
Nagano Prefecture,,Japan,JP
Nagasaki Prefecture,,Japan,JP
Nairobi,,Kenya,KE
Najaf Governorate,,Iraq,IQ
Najran Region,,Saudi Arabia,SA
Nakhchivan Autonomous Republic,,Azerbaijan,AZ
Nakhon Pathom,,Thailand,TH
Nakhon Phanom,,Thailand,TH
Nakhon Ratchasima,,Thailand,TH
Nakhon Sawan,,Thailand,TH
Nakhon Si Thammarat,,Thailand,TH
Namangan Region,,Uzbekistan,UZ
Namibe Province,,Angola,AO
Nampula Province,,Mozambique,MZ
Nan,,Thailand,TH
Nangarhar Province,,Afghanistan,AF
Nantou,,Taiwan,TW
Napo Province,,Ecuador,EC
Narathiwat,,Thailand,TH
Narino,,Colombia,CO
Naryn Region,,Kyrgyzstan,KG
Nasarawa,,Nigeria,NG
Navarra,,Spain,ES
Navoiy Region,,Uzbekistan,UZ
Nayarit,,Mexico,MX
Na‚ma Province,,Algeria,DZ
Nebraska,,United States,US
Negeri Sembilan,,Malaysia,MY
Nelson Province,,New Zealand,NZ
NeuquÈn,,Argentina,AR
Nevada,,United States,US
New Brunswick,,Canada,CA
New Hampshire,,United States,US
New Jersey,,United States,US
New Mexico,,United States,US
New South Wales,,Australia,AU
New Taipei City,,Taiwan,TW
New Valley Governorate,,Egypt,EG
New York,,United States,US
Newfoundland and Labrador,,Canada,CA
NgouniÈ Province,,Gabon,GA
Ngozi Province,,Burundi,BI
Niamey,,Niger,NE
Niassa Province,,Mozambique,MZ
Nicosia District,,Cyprus,CY
Niedersachsen,,Germany,DE
Niger State,,Nigeria,NG
Niigata Prefecture,,Japan,JP
Nineveh Governorate,,Iraq,IQ
Ninh BÏnh Province,,Vietnam,VN
Nippes Department,,Haiti,HT
Nisporeni District,,Moldova,MD
Nitra Region,,Slovakia,SK
Nizhny Novgorod Oblast,,Russia,RU
Nong Khai,,Thailand,TH
Nonthaburi,,Thailand,TH
Noord-Holland,,Netherlands,NL
Nord Department,,Haiti,HT
Nord-Est Department,,Haiti,HT
Nord-Ouest Department,,Haiti,HT
Nord-Pas-de-Calais,,France,FR
Nordrhein-Westfalen,,Germany,DE
Norte de Santander,,Colombia,CO
North Brabant,,Netherlands,NL
North Carolina,,United States,US
North Central Province,,Sri Lanka,LK
North Dakota,,United States,US
North Eastern Province,,Kenya,KE
North Governorate,,Lebanon,LB
North Kalimantan,,Indonesia,ID
North Kazakhstan Region,,Kazakhstan,KZ
North Maluku,,Indonesia,ID
North Region,,Cameroon,CM
North Sinai Governorate,,Egypt,EG
North Sulawesi,,Indonesia,ID
North West,,South Africa,ZA
North Western Province,,Sri Lanka,LK
North-East District,,Botswana,BW
Northern Cape,,South Africa,ZA
Northern District,,Israel,IL
Northern Division,,Fiji,FJ
Northern Ireland,,United Kingdom,GB
Northern Mindanao,,Philippines,PH
Northern Province,,Zambia,ZM
Northern Region,,Ghana,GH
Northern Territory,,Australia,AU
Northland Region,,New Zealand,NZ
Northwest Region,,Cameroon,CM
Northwest Territories,,Canada,CA
Northwestern Province,,Zambia,ZM
Nova Scotia,,Canada,CA
Novosibirsk Oblast,,Russia,RU
Nueva Esparta,,Venezuela,VE
Nueva Segovia Department,,Nicaragua,NI
Nuevo LeÛn,,Mexico,MX
Nugal,,Somalia,SO
Nunavut,,Canada,CA
Nuqat al Khams,,Libya,LY
Nyanza Province,,Kenya,KE
NzÈrÈkorÈ Region,,Guinea,GN
O'Higgins Region,,Chile,CL
Oaxaca,,Mexico,MX
Oddar Meanchey Province,,Cambodia,KH
Odessa Oblast,,Ukraine,UA
Odisha,,India,IN
OgoouÈ-Maritime Province,,Gabon,GA
Ohio,,United States,US
Ohrid Municipality,,Macedonia,MK
Oio Region,,Guinea-Bissau,GW
Okayama Prefecture,,Japan,JP
Okinawa Prefecture,,Japan,JP
Oklahoma,,United States,US
Old Royal Capital Cetinje,,Montenegro,ME
Olt County,,Romania,RO
Omsk Oblast,,Russia,RU
Ondo State,,Nigeria,NG
Ontario,,Canada,CA
Opole Voivodeship,,Poland,PL
Orange Walk District,,Belize,BZ
Ordu Province,,Turkey,TR
Oregon,,United States,US
Orellana Province,,Ecuador,EC
Orenburg Oblast,,Russia,RU
Orhei District,,Moldova,MD
Oriental,,Morocco,MA
Orientale,,Morocco,MA
Orkhon Province,,Mongolia,MN
Oromia Region,,Ethiopia,ET
Oruro Department,,Bolivia,BO
Osaka Prefecture,,Japan,JP
Osh Region,,Kyrgyzstan,KG
Osijek-Baranja County,,Croatia,HR
Osun,,Nigeria,NG
Otago,,New Zealand,NZ
OuaddaÔ Region,,Chad,TD
Oudomxay Province,,Laos,LA
Ouest Department,,Haiti,HT
Oum El Bouaghi Province,,Algeria,DZ
OuÈmÈ Department,,Benin,BJ
Oyo State,,Nigeria,NG
Pahang,,Malaysia,MY
Pailin,,Cambodia,KH
Paktia Province,,Afghanistan,AF
Palmerston Island,,Cook Islands,CK
Pamplemousses District,,Mauritius,MU
Panam· Province,,Panama,PA
Pando Department,,Bolivia,BO
Papua,,Indonesia,ID
ParaguarÌ Department,,Paraguay,PY
Paramaribo District,,Suriname,SR
Paran·,,Brazil,BR
ParaÌba,,Brazil,BR
Paro District,,Bhutan,BT
Par·,,Brazil,BR
Pasco Region,,Peru,PE
Pastaza Province,,Ecuador,EC
Pathum Thani,,Thailand,TH
Pattani,,Thailand,TH
Pavlodar Region,,Kazakhstan,KZ
Pays de la Loire,,France,FR
Pazardzhik Province,,Bulgaria,BG
PaÌs Vasco,,Spain,ES
Peloponnese,,Greece,GR
Penal-Debe Regional Corporation,,Trinidad and Tobago,TT
Penang,,Malaysia,MY
Penghu,,Taiwan,TW
Pennsylvania,,United States,US
Perak,,Malaysia,MY
Perlis,,Malaysia,MY
Perm Krai,,Russia,RU
Pernambuco,,Brazil,BR
Pest County,,Hungary,HU
PetÈn Department,,Guatemala,GT
Phangnga,,Thailand,TH
Phatthalung,,Thailand,TH
Phayao,,Thailand,TH
Phetchabun,,Thailand,TH
Phetchaburi,,Thailand,TH
Phitsanulok,,Thailand,TH
Phnom Penh,,Cambodia,KH
Phrae,,Thailand,TH
Phuket,,Thailand,TH
Ph˙ YÍn Province,,Vietnam,VN
PiauÌ,,Brazil,BR
Picardie,,France,FR
Pichincha Province,,Ecuador,EC
Piedmont,,Italy,IT
Pingtung,,Taiwan,TW
Piura Region,,Peru,PE
Plaines Wilhems District,,Mauritius,MU
Plateau Department,,Benin,BJ
Plateau,,Nigeria,NG
Plav Municipality,,Montenegro,ME
Pleven Province,,Bulgaria,BG
Pljevlja Municipality,,Montenegro,ME
Plovdiv Province,,Bulgaria,BG
Podgorica Capital City,,Montenegro,ME
Podkarpackie Voivodeship,,Poland,PL
Podlaskie Voivodeship,,Poland,PL
Pointe-Noire,,Republic of the Congo,CG
Poitou-Charentes,,France,FR
Poltava Oblast,,Ukraine,UA
Pomeranian Voivodeship,,Poland,PL
Poni,,Lithuania,LT
Port Louis District,,Mauritius,MU
Port Moresby,,Papua New Guinea,PG
Port Said Governorate,,Egypt,EG
Port of Spain,,Trinidad and Tobago,TT
Portalegre District,,Portugal,PT
Porto District,,Portugal,PT
Portuguesa,,Venezuela,VE
PotosÌ Department,,Bolivia,BO
Prachin Buri,,Thailand,TH
Prachuap Khiri Khan,,Thailand,TH
Prague,,Czech Republic,CZ
Prahova County,,Romania,RO
Preah Vihear Province,,Cambodia,KH
Presov,,Slovakia,SK
Prey Veng Province,,Cambodia,KH
Prilep Municipality,,Macedonia,MK
Primorje-Gorski Kotar County,,Croatia,HR
Primorsky Krai,,Russia,RU
Prince Edward Island,,Canada,CA
Principality of Asturias,,Spain,ES
Provence-Alpes-CÙte d'Azur,,France,FR
PrÌncipe,,Sao Tome and Principe,ST
Puducherry,,India,IN
Puebla,,Mexico,MX
Puglia,,Italy,IT
Punakha District,,Bhutan,BT
Punjab region,,India,IN
Puno Region,,Peru,PE
Pursat Province,,Cambodia,KH
Putrajaya,,Malaysia,MY
Putumayo,,Colombia,CO
Pwani,,Kenya,KE
Qabala District,,Azerbaijan,AZ
Qalyubia Governorate,,Egypt,EG
Qashqadaryo Region,,Uzbekistan,UZ
Qena Governorate,,Egypt,EG
Quba Rayon,,Azerbaijan,AZ
Quebec,,Canada,CA
Queensland,,Australia,AU
QuerÈtaro Arteaga,,Mexico,MX
Quetzaltenango Department,,Guatemala,GT
QuichÈ Department,,Guatemala,GT
Quinara Region,,Guinea-Bissau,GW
Quindio,,Colombia,CO
Quintana Roo,,Mexico,MX
Rajasthan,,India,IN
Rangpur Division,,Bangladesh,BD
Ranong,,Thailand,TH
Rapti Zone,,Nepal,NP
Rarotonga,,Cook Islands,CK
Ratanakiri Province,,Cambodia,KH
Ratchaburi,,Thailand,TH
Rayong,,Thailand,TH
Red Sea Governorate,,Egypt,EG
Region of Murcia,,Spain,ES
Region of Southern Denmark,,Denmark,DK
RegiÛn AutÛnoma del Atl·ntico Norte,,Nicaragua,NI
RegiÛn AutÛnoma del Atl·ntico Sur,,Nicaragua,NI
Relizane Province,,Algeria,DZ
Resen,,Macedonia,MK
Rheinland-Pfalz,,Germany,DE
Rhode Island,,United States,US
RhÙne-Alpes,,France,FR
Riau Islands Province,,Indonesia,ID
Rift Valley Province,,Kenya,KE
Riga Planning Region,,Latvia,LV
Rio Grande do Norte,,Brazil,BR
Rio Grande do Sul,,Brazil,BR
Rio de Janeiro,,Brazil,BR
Risaralda,,Colombia,CO
Rivas Department,,Nicaragua,NI
Rivers State,,Nigeria,NG
RiviËre Noire District,,Mauritius,MU
RiviËre du Rempart District,,Mauritius,MU
Rivne Oblast,,Ukraine,UA
Roi Et,,Thailand,TH
RondÙnia,,Brazil,BR
Roraima,,Brazil,BR
Rostov Oblast,,Russia,RU
Rukungiri District,,Uganda,UG
Ruse Province,,Bulgaria,BG
Rutana Province,,Burundi,BI
Ruyigi Province,,Burundi,BI
RÌo Negro,,Uruguay,UY
Saarland,,Germany,DE
Sabah,,Malaysia,MY
Sabaragamuwa Province,,Sri Lanka,LK
Sabha District,,Libya,LY
SacatepÈquez Department,,Guatemala,GT
Sachsen,,Germany,DE
Sagarmatha Zone,,Nepal,NP
Saint Andrew Parish,,Grenada,GD
Saint Catherine Parish,,Jamaica,JM
Saint George,,Barbados,BB
Saint George Parish,,Grenada,GD
Saint Helier,,Jersey,JE
Saint Michael,,Barbados,BB
Saint Peter Port,,Guernsey,GG
Saint Petersburg,,Russia,RU
Saint-Louis Region,,Senegal,SN
Sainyabuli Province,,Laos,LA
Saitama Prefecture,,Japan,JP
Sakarya Province,,Turkey,TR
Sakha Republic,,Russia,RU
Sakhalin Oblast,,Russia,RU
Sakon Nakhon,,Thailand,TH
Sal,,Cape Verde,CV
Saladin Governorate,,Iraq,IQ
Salavan Province,,Laos,LA
Salta,,Argentina,AR
Salzburg,,Austria,AT
Samangan Province,,Afghanistan,AF
Samara Oblast,,Russia,RU
Samarqand Region,,Uzbekistan,UZ
Samdrup Jongkhar District,,Bhutan,BT
Samegrelo-Zemo Svaneti,,Georgia,GE
Samoa,,American Samoa,AS
Samsun Province,,Turkey,TR
Samtse District,,Bhutan,BT
Samtskhe-Javakheti,,Georgia,GE
Samut Prakan,,Thailand,TH
Samut Sakhon,,Thailand,TH
San Andres y Providencia,,Colombia,CO
San JosÈ Province,,Costa Rica,CR
San Juan,,Puerto Rico,PR
San Luis,,Argentina,AR
San Luis Potosi,,Mexico,MX
San Marcos Department,,Guatemala,GT
San MartÌn Region,,Peru,PE
San Miguel Department,,El Salvador,SV
San Salvador Department,,El Salvador,SV
Sana'a Governorate,,Yemen,YE
Sanma Province,,Vanuatu,VU
Santa Ana Department,,El Salvador,SV
Santa Catarina,,Brazil,BR
Santa Cruz,,Argentina,AR
Santa Cruz Department,,Bolivia,BO
Santa Elena Province,,Ecuador,EC
Santa Fe,,Argentina,AR
Santander,,Colombia,CO
SantarÈm District,,Portugal,PT
Santiago,,Cape Verde,CV
Santiago Metropolitan Region,,Chile,CL
Santiago Province,,Dominican Republic,DO
Santiago del Estero,,Argentina,AR
Santo Ant„o,,Cape Verde,CV
Santo Domingo Province,,Dominican Republic,DO
Santo Domingo de los Ts·chilas Province,,Ecuador,EC
Saraburi,,Thailand,TH
Saraj Municipality,,Macedonia,MK
Saratov Oblast,,Russia,RU
Sarawak,,Malaysia,MY
Sardinia,,Italy,IT
Sarpang District,,Bhutan,BT
Saskatchewan,,Canada,CA
Sassandra-MarahouÈ District,,CÙte d&#039;Ivoire,CI
Satakunta,,Finland,FI
Satu Mare County,,Romania,RO
Sava Region,,Madagascar,MG
Savanes,,CÙte d&#039;Ivoire,CI
Savanes ,,CÙte d&#039;Ivoire,CI
Savanne District,,Mauritius,MU
Saxony-Anhalt,,Germany,DE
SaÔda Province,,Algeria,DZ
Schleswig-Holstein,,Germany,DE
Scotland,,United Kingdom,GB
Sekong Province,,Laos,LA
Selangor,,Malaysia,MY
Selenge Province,,Mongolia,MN
Semigallia,,Latvia,LV
Seoul,,South Korea,KR
Sergipe,,Brazil,BR
Serravalle,,San Marino,SM
Seti Zone,,Nepal,NP
Set˙bal District,,Portugal,PT
Sfax,,Tunisia,TN
Shaki District,,Azerbaijan,AZ
Shamkir District,,Azerbaijan,AZ
Shefa Province,,Vanuatu,VU
Shida Kartli,,Georgia,GE
Shiga Prefecture,,Japan,JP
Shirak Province,,Armenia,AM
Shirvan,,Azerbaijan,AZ
Shizuoka Prefecture,,Japan,JP
ShkodÎr County,,Albania,AL
Shumen Province,,Bulgaria,BG
Sibiu County,,Romania,RO
Sicilia,,Italy,IT
Sidi Bel AbbËs Province,,Algeria,DZ
Sidi Bouzid Governorate,,Tunisia,TN
Siem Reap Province,,Cambodia,KH
Sihanoukville Province,,Cambodia,KH
Sikasso Region,,Mali,ML
Sikkim,,India,IN
Silesian Voivodeship,,Poland,PL
Siliana Governorate,,Tunisia,TN
Sinaloa,,Mexico,MX
Sirdaryo Region,,Uzbekistan,UZ
Sisaket,,Thailand,TH
Sivas Province,,Turkey,TR
Soccsksargen,,Philippines,PH
Sofala Province,,Mozambique,MZ
Sofia City Province,,Bulgaria,BG
Sofia Province,,Bulgaria,BG
Sofia Region,,Madagascar,MG
Sohag Governorate,,Egypt,EG
Sokoto State,,Nigeria,NG
Somali Region,,Ethiopia,ET
Somogy County,,Hungary,HU
Songkhla,,Thailand,TH
Sonora,,Mexico,MX
Sonsonate Department,,El Salvador,SV
Sool,,Somalia,SO
Soroca District,,Moldova,MD
Soroti District,,Uganda,UG
Souk Ahras Province,,Algeria,DZ
Sousse Governorate,,Tunisia,TN
South Australia,,Australia,AU
South Carolina,,United States,US
South Dakota,,United States,US
South Eastern Region,,Malta,MT
South Governorate,,Lebanon,LB
South Kazakhstan Region,,Kazakhstan,KZ
South Moravian Region,,Czech Republic,CZ
South Region,,Cameroon,CM
South-East District,,Botswana,BW
Southeast Sulawesi,,Indonesia,ID
Southern District,,Hong Kong,HK
Southern Nations,,Ethiopia,ET
Southern Province,,Zambia,ZM
Southland,,New Zealand,NZ
Southwest Region,,Cameroon,CM
Special Region of Yogyakarta,,Indonesia,ID
Split-Dalmatia County,,Croatia,HR
Stara Zagora Province,,Bulgaria,BG
State of Mexico,,Mexico,MX
Stavropol Krai,,Russia,RU
Stepanakert,,Azerbaijan,AZ
Stockholm County,,Sweden,SE
Struga Municipality,,Macedonia,MK
Strumica Municipality,,Macedonia,MK
Stung Treng Province,,Cambodia,KH
Styria,,Austria,AT
Suceava County,,Romania,RO
Sucre,,Venezuela,VE
SucumbÌos Province,,Ecuador,EC
Sud Department,,Haiti,HT
Sud-Est Department,,Haiti,HT
Suez Governorate,,Egypt,EG
Sughd Region,,Tajikistan,TJ
Sumqayit,,Azerbaijan,AZ
Sumy Oblast,,Ukraine,UA
Suphan Buri,,Thailand,TH
Surat Thani,,Thailand,TH
Surin,,Thailand,TH
Surxondaryo Region,,Uzbekistan,UZ
Sverdlovsk Oblast,,Russia,RU
Szabolcs-Szatm·r-Bereg County,,Hungary,HU
S„o Nicolau,,Cape Verde,CV
S„o Paulo,,Brazil,BR
S„o TomÈ Island,,Sao Tome and Principe,ST
S„o Vicente,,Cape Verde,CV
SÈgou Region,,Mali,ML
SÓngerei District,,Moldova,MD
T'bilisi,,Georgia,GE
Tabasco,,Mexico,MX
Tabuk Region,,Saudi Arabia,SA
Tacna Region,,Peru,PE
Tadla-Azilal,,Morocco,MA
Tahoua Region,,Niger,NE
Taichung,,Taiwan,TW
Tainan,,Taiwan,TW
Taipei,,Taiwan,TW
Taitung,,Taiwan,TW
Taiwan,,Taiwan,TW
Taiz Governorate,,Yemen,YE
Tak,,Thailand,TH
Takhar Province,,Afghanistan,AF
TakÈo Province,,Cambodia,KH
Talas Region,,Kyrgyzstan,KG
Tamanrasset Province,,Algeria,DZ
Tamaulipas,,Mexico,MX
Tambacounda Region,,Senegal,SN
Tamil Nadu,,India,IN
Taoyuan City,,Taiwan,TW
Taraba,,Nigeria,NG
Taranaki,,New Zealand,NZ
Targovishte Province,,Bulgaria,BG
Tarija Department,,Bolivia,BO
Tartar District,,Azerbaijan,AZ
Tashkent Region,,Uzbekistan,UZ
Tasman District,,New Zealand,NZ
Tasmania,,Australia,AU
Tataouine Governorate,,Tunisia,TN
Tatarstan,,Russia,RU
Taza-Al Hoceima-Taounate,,Morocco,MA
Tbilisi,,Georgia,GE
Tbong Khmum Province,,Cambodia,KH
Telangana,,India,IN
Teleorman County,,Romania,RO
Tennessee,,United States,US
Terengganu,,Malaysia,MY
Ternopil Oblast,,Ukraine,UA
Tete Province,,Mozambique,MZ
Tetovo Municipality,,Macedonia,MK
Texas,,United States,US
Thanh HÛa Province,,Vietnam,VN
Thessaly,,Greece,GR
Thimphu District,,Bhutan,BT
ThiËs Region,,Senegal,SN
Th·i BÏnh Province,,Vietnam,VN
Th·i NguyÍn Province,,Vietnam,VN
Th¸ringen,,Germany,DE
Tiaret Province,,Algeria,DZ
Ticino,,Switzerland,CH
Tierra del Fuego,,Argentina,AR
Tigray Region,,Ethiopia,ET
Tindouf Province,,Algeria,DZ
Tipaza Province,,Algeria,DZ
Tirana County,,Albania,AL
Tiris Zemmour Region,,Mauritania,MR
Tissemsilt Province,,Algeria,DZ
Tivat Municipality,,Montenegro,ME
Tlaxcala,,Mexico,MX
Tlemcen Province,,Algeria,DZ
Tocantins,,Brazil,BR
Tochigi Prefecture,,Japan,JP
Togdheer,,Somalia,SO
Tokushima Prefecture,,Japan,JP
Tokyo,,Japan,JP
Toledo,,Belize,BZ
Tolima,,Colombia,CO
Tolna County,,Hungary,HU
Tombali Region,,Guinea-Bissau,GW
Tombouctou Region,,Mali,ML
Tongatapu,,Tonga,TO
Toyama Prefecture,,Japan,JP
Tozeur Governorate,,Tunisia,TN
Trabzon Province,,Turkey,TR
Trang,,Thailand,TH
Transnistria,,Moldova,MD
Trashigang District,,Bhutan,BT
Trentino-Alto Adige,,Italy,IT
Tripura,,India,IN
Trnava Region,,Slovakia,SK
Trujillo,,Venezuela,VE
Tr‡ Vinh Province,,Vietnam,VN
Tsirang District,,Bhutan,BT
Tucuman,,Argentina,AR
Tula Oblast,,Russia,RU
Tulcea County,,Romania,RO
Tumbes Region,,Peru,PE
Tungurahua Province,,Ecuador,EC
Tuscany,,Italy,IT
TuyÍn Quang Province,,Vietnam,VN
Tver Oblast,,Russia,RU
Tyrol,,Austria,AT
Tyumen Oblast,,Russia,RU
T·chira,,Venezuela,VE
T‚y Ninh Province,,Vietnam,VN
Ubon Ratchathani,,Thailand,TH
Ucayali Region,,Peru,PE
Udmurtia,,Russia,RU
Udon Thani,,Thailand,TH
Ulcinj Municipality,,Montenegro,ME
Ulsan,,South Korea,KR
Umbria,,Italy,IT
Ungheni District,,Moldova,MD
Upper Austria,,Austria,AT
Upper Demerara-Berbice,,Guyana,GY
Usulut·n Department,,El Salvador,SV
Utah,,United States,US
Uttar Pradesh,,India,IN
Uttarakhand,,India,IN
Uva Province,,Sri Lanka,LK
Uvs Province,,Mongolia,MN
UÌge Province,,Angola,AO
Vakinankaratra,,Madagascar,MG
Valle Department,,Honduras,HN
Valle del Cauca,,Colombia,CO
VallÈe du Bandama,,CÙte d&#039;Ivoire,CI
ValparaÌso Region,,Chile,CL
Van Province,,Turkey,TR
Vargas,,Venezuela,VE
Varna Province,,Bulgaria,BG
Vas County,,Hungary,HU
Vatovavy-Fitovinany,,Madagascar,MG
Vaud,,Switzerland,CH
Veles Municipality,,Macedonia,MK
Veliko Tarnovo Province,,Bulgaria,BG
Veneto,,Italy,IT
Veracruz,,Mexico,MX
Vermont,,United States,US
VeszprÈm County,,Hungary,HU
Viana do Castelo District,,Portugal,PT
Vichada,,Colombia,CO
Victoria,,Australia,AU
Vidzeme,,Latvia,LV
Vienna,,Austria,AT
Vientiane Province,,Laos,LA
Vila Real District,,Portugal,PT
Vilnius County,,Lithuania,LT
Vinnytsia Oblast,,Ukraine,UA
Virginia,,United States,US
Viseu District,,Portugal,PT
Vitebsk Region,,Belarus,BY
Vladimir Oblast,,Russia,RU
VlorÎ County,,Albania,AL
Volgograd Oblast,,Russia,RU
Volyn Oblast,,Ukraine,UA
Vorarlberg,,Austria,AT
Voronezh Oblast,,Russia,RU
Vratsa Province,,Bulgaria,BG
V‚lcea County,,Romania,RO
V‰stra Gˆtaland County,,Sweden,SE
Waikato,,New Zealand,NZ
Wakayama Prefecture,,Japan,JP
Wakiso District,,Uganda,UG
Wales,,United Kingdom,GB
Wallonia,,Belgium,BE
Wangdue Phodrang District,,Bhutan,BT
Wanica District,,Suriname,SR
Warmian-Masurian Voivodeship,,Poland,PL
Washington,,United States,US
"Washington, District of Columbia",,United States,US
Wasit Governorate,,Iraq,IQ
Waterford,,Ireland,IE
Wele-Nzas Province,,Equatorial Guinea,GQ
Wellington Region,,New Zealand,NZ
West Bengal,,India,IN
West Coast,,The Gambia,GM
West Coast Division ,,The Gambia,GM
West Kazakhstan Region,,Kazakhstan,KZ
West New Britain Province,,Papua New Guinea,PG
West Papua,,Indonesia,ID
West Pomeranian Voivodeship,,Poland,PL
West Region,,Cameroon,CM
West Sulawesi,,Indonesia,ID
West Virginia,,United States,US
Western Area,,Sierra Leone,SL
Western Australia,,Australia,AU
Western Cape,,South Africa,ZA
Western Division,,Fiji,FJ
Western Greece,,Greece,GR
Western Highlands Province,,Papua New Guinea,PG
Western Macedonia,,Greece,GR
Western Province,,Kenya,KE
Western Region,,Ghana,GH
Western Region ,,Ghana,GH
Wexford,,Ireland,IE
Wicklow,,Ireland,IE
Wisconsin,,United States,US
Woleu-Ntem Province,,Gabon,GA
Woqooyi Galbeed,,Somalia,SO
Woroba District,,CÙte d&#039;Ivoire,CI
Wyoming,,United States,US
Xiangkhouang Province,,Laos,LA
Xorazm Region,,Uzbekistan,UZ
Yamaguchi Prefecture,,Japan,JP
Yamanashi Prefecture,,Japan,JP
Yamoussoukro,,CÙte d&#039;Ivoire,CI
Yaracuy,,Venezuela,VE
Yaroslavl Oblast,,Russia,RU
Yasothon,,Thailand,TH
Yerevan,,Armenia,AM
Yilan,,Taiwan,TW
Yobe,,Nigeria,NG
Yoro Department,,Honduras,HN
Yucat·n,,Mexico,MX
Yukon,,Canada,CA
Yunlin,,Taiwan,TW
YÍn B·i Province,,Vietnam,VN
Zacatecas,,Mexico,MX
Zaghouan Governorate,,Tunisia,TN
Zagreb,,Croatia,HR
Zaire Province,,Angola,AO
Zakarpattia Oblast,,Ukraine,UA
Zala County,,Hungary,HU
Zambezia Province,,Mozambique,MZ
Zamboanga Peninsula,,Philippines,PH
Zamfara,,Nigeria,NG
Zamora-Chinchipe Province,,Ecuador,EC
Zanzan,,CÙte d&#039;Ivoire,CI
Zaporizhia Oblast,,Ukraine,UA
Zaqatala District,,Azerbaijan,AZ
Zawiya District,,Libya,LY
Zhytomyr Oblast,,Ukraine,UA
Ziguinchor Region,,Senegal,SN
Zinder Region,,Niger,NE
Zomba District,,Malawi,MW
Zonguldak Province,,Turkey,TR
Zou Department,,Benin,BJ
Zuid-Holland,,Netherlands,NL
«anakkale Province,,Turkey,TR
«orum Province,,Turkey,TR
…vora District,,Portugal,PT
Œle-de-France,,France,FR
—eembuc˙ Department,,Paraguay,PY
⁄stÌ nad Labem Region,,Czech Republic,CZ
Sirte District,,Libya,LY
Zarqa Governorate,,Jordan,JO
Marj District,,Libya,LY
Jabal al Gharbi District,,Libya,LY
Karak Governorate,,Jordan,JO
Kufra District,,Libya,LY
Ajloun Governorate,,Jordan,JO
Nalut District,,Libya,LY
Bayankhongor Province,,Mongolia,MN
San CristÛbal Province,,Dominican Republic,DO
÷mnˆgovi Province,,Mongolia,MN
Dornogovi Province,,Mongolia,MN
Aqaba Governorate,,Jordan,JO
÷vˆrkhangai Province,,Mongolia,MN
S¸khbaatar Province,,Mongolia,MN
Aksaray Province,,Turkey,TR
Tafilah Governorate,,Jordan,JO
Balqa Governorate,,Jordan,JO
Madaba Governorate,,Jordan,JO
Tokat Province,,Turkey,TR
Al Buraimi Governorate,,Oman,OM
Ash Sharqiyah South Governorate,,Oman,OM
Northern Borders Region,,Saudi Arabia,SA
Jerash Governorate,,Jordan,JO
Ma'an Governorate,,Jordan,JO
Osmaniye Province,,Turkey,TR
Giresun Province,,Turkey,TR
Kotayk Province,,Armenia,AM
Lori Province,,Armenia,AM
Jufra District,,Libya,LY
Emirate of Ajman,,United Arab Emirates,AE
Ad Dakhiliyah Governorate,,Oman,OM
Kastamonu Province,,Turkey,TR
Gegharkunik Province,,Armenia,AM
Mubarak Al-Kabeer Governorate,,Kuwait,KW
Rize Province,,Turkey,TR
Syunik Province,,Armenia,AM
Khovd Province,,Mongolia,MN
Bolu Province,,Turkey,TR
La Vega Province,,Dominican Republic,DO
Ararat Province,,Armenia,AM
South Sinai Governorate,,Egypt,EG
Govi-Altai Province,,Mongolia,MN
Batman Province,,Turkey,TR
Arkhangai Province,,Mongolia,MN
Jinotega Department,,Nicaragua,NI
D¸zce Province,,Turkey,TR
Edirne Province,,Turkey,TR
Al Bahah Region,,Saudi Arabia,SA
Zavkhan Province,,Mongolia,MN
North-West District,,Botswana,BW
Amasya Province,,Turkey,TR
Muharraq Governorate,,Bahrain,BH
Khentii Province,,Mongolia,MN
Boaco Department,,Nicaragua,NI
Armavir Province,,Armenia,AM
Tavush Province,,Armenia,AM
Murzuq District,,Libya,LY
Puerto Plata province,,Dominican Republic,DO
Yozgat Province,,Turkey,TR
Karab¸k Province,,Turkey,TR
Famagusta District,,Cyprus,CY
Dundgovi Province,,Mongolia,MN
Artvin Province,,Turkey,TR
Fujairah,,United Arab Emirates,AE
San Pedro Department,,Paraguay,PY
CabaÒas Department,,El Salvador,SV
Choluteca Department,,Honduras,HN
Nickerie District,,Suriname,SR
Badakhshan Province,,Afghanistan,AF
Granada Department,,Nicaragua,NI
Kilis Province,,Turkey,TR
Bilecik Province,,Turkey,TR
Carazo Department,,Nicaragua,NI
Chalatenango Department,,El Salvador,SV
La Altagracia Province,,Dominican Republic,DO
Wadi al Hayaa District,,Libya,LY
Olancho Department,,Honduras,HN
Duarte Province,,Dominican Republic,DO
Al Wusta Governorate,,Oman,OM
RÌo San Juan Department,,Nicaragua,NI
La Romana Province,,Dominican Republic,DO
Ras al-Khaimah,,United Arab Emirates,AE
SuchitepÈquez Department,,Guatemala,GT
Burdur Province,,Turkey,TR
MarÌa Trinidad S·nchez Province,,Dominican Republic,DO
Sinop Province,,Turkey,TR
Kolda Region,,Senegal,SN
Yalova Province,,Turkey,TR
Misiones Department,,Paraguay,PY
Erzincan Province,,Turkey,TR
Wadi al Shatii District,,Libya,LY
Siirt Province,,Turkey,TR
Azua Province,,Dominican Republic,DO
Dakhlet Nouadhibou Region,,Mauritania,MR
Espaillat Province,,Dominican Republic,DO
San Pedro de MacorÌs Province,,Dominican Republic,DO
Madriz Department,,Nicaragua,NI
Parwan Province,,Afghanistan,AF
Canindey˙ Department,,Paraguay,PY
Barahona Province,,Dominican Republic,DO
Bitlis Province,,Turkey,TR
Aragatsotn Province,,Armenia,AM
Kars Province,,Turkey,TR
San Vicente Department,,El Salvador,SV
Izabal Department,,Guatemala,GT
Cordillera Department,,Paraguay,PY
Chiquimula Department,,Guatemala,GT
Bingˆl Province,,Turkey,TR
Addu Atoll,,Maldives,MV
Valverde Province,,Dominican Republic,DO
Kyrenia District,,Cyprus,CY
Cop·n Department,,Honduras,HN
Saman· Province,,Dominican Republic,DO
Musandam Governorate,,Oman,OM
MonseÒor Nouel Province,,Dominican Republic,DO
Cartago Province,,Costa Rica,CR
Jutiapa Department,,Guatemala,GT
Bamyan Province,,Afghanistan,AF
San Juan Province,,Dominican Republic,DO
Puntarenas Province,,Costa Rica,CR
Salcedo,,Dominican Republic,DO
South Province,,New Caledonia,NC
Ash Sharqiyah North Governorate,,Oman,OM
Vayots Dzor Province,,Armenia,AM
Cuscatl·n Department,,El Salvador,SV
Kaffrine Region,,Senegal,SN
Northern Governorate,,Bahrain,BH
Santa B·rbara Department,,Honduras,HN
Caazap· Department,,Paraguay,PY
Ad Dhahirah Governorate,,Oman,OM
SÈdhiou Region,,Senegal,SN
S·nchez RamÌrez Province,,Dominican Republic,DO
Trongsa District,,Bhutan,BT
Peravia Province,,Dominican Republic,DO
Southern Governorate,,Bahrain,BH
Monte Cristi Province,,Dominican Republic,DO
Grand'Anse MahÈ,,Seychelles,SC
Gao Region,,Mali,ML
Heredia Province,,Costa Rica,CR
Kon Tum Province,,Vietnam,VN
Lhaviyani Atoll,,Maldives,MV
Retalhuleu Department,,Guatemala,GT
Bay Islands Department,,Honduras,HN
Monte Plata Province,,Dominican Republic,DO
Buada District,,Nauru,NR
Baoruco Province,,Dominican Republic,DO
Phongsaly Province,,Laos,LA
Paphos District,,Cyprus,CY
Tarapac· Region,,Chile,CL
Atacama Region,,Chile,CL
Gaafu Alif Atoll,,Maldives,MV
Lempira Department,,Honduras,HN
Al Wakrah,,Qatar,QA
LimÛn Province,,Costa Rica,CR
Ardahan Province,,Turkey,TR
Baja Verapaz Department,,Guatemala,GT
Sandaun Province,,Papua New Guinea,PG
Tˆv Province,,Mongolia,MN
Lhuntse District,,Bhutan,BT
Sanaag,,Somalia,SO
Noonu Atoll,,Maldives,MV
Leribe District,,Lesotho,LS
Loei,,Thailand,TH
Saint John Parish,,Dominica,DM
Salto Department,,Uruguay,UY
Windward Islands,,French Polynesia,PF
Umm al-Quwain,,United Arab Emirates,AE
Luapula Province,,Zambia,ZM
Ghat District,,Libya,LY
Oshana Region,,Namibia,NA
New Ireland Province,,Papua New Guinea,PG
Kamphaeng Phet,,Thailand,TH
ChiriquÌ Province,,Panama,PA
Tutong District,,Brunei,BN
Arica y Parinacota Region,,Chile,CL
Tunapuna-Piarco Regional Corporation,,Trinidad and Tobago,TT
Pemagatshel District,,Bhutan,BT
Sangre Grande Regional Corporation,,Trinidad and Tobago,TT
Rivera Department,,Uruguay,UY
El Seibo Province,,Dominican Republic,DO
Princes Town Regional Corporation,,Trinidad and Tobago,TT
Cerro Largo Department,,Uruguay,UY
Paysand˙ Department,,Uruguay,UY
Magallanes y la Ant·rtica Chilena Region,,Chile,CL
Koulikoro Region,,Mali,ML
Mtskheta-Mtianeti,,Georgia,GE
Solol· Department,,Guatemala,GT
San JosÈ de Ocoa Province,,Dominican Republic,DO
Canelones Department,,Uruguay,UY
DajabÛn Province,,Dominican Republic,DO
Chanthaburi,,Thailand,TH
Sukhothai,,Thailand,TH
Bahr el Ghazal,,South Sudan,SS
Ocotepeque Department,,Honduras,HN
Martinique,,Grenada,GD
BayamÛn,,Puerto Rico,PR
Artigas Department,,Uruguay,UY
Independencia Province,,Dominican Republic,DO
Grand Cayman,,Cayman Islands,KY
Saint James Parish,,Jamaica,JM
Krabi,,Thailand,TH
AysÈn Region,,Chile,CL
KÈdougou Region,,Senegal,SN
Dhaalu Atoll,,Maldives,MV
Bueng Kan,,Thailand,TH
Lop Buri,,Thailand,TH
Tunceli Province,,Turkey,TR
Haa District,,Bhutan,BT
Soriano Department,,Uruguay,UY
Upper East Region,,Ghana,GH
Colonia Department,,Uruguay,UY
Gnaviyani Atoll,,Maldives,MV
Santa Rosa Department,,Guatemala,GT
Mafeteng District,,Lesotho,LS
Presidente Hayes Department,,Paraguay,PY
Kolhumadulu Atoll,,Maldives,MV
Alta Verapaz Department,,Guatemala,GT
Al Rayyan,,Qatar,QA
Uttaradit,,Thailand,TH
Zhemgang District,,Bhutan,BT
Racha-Lechkhumi and Kvemo Svaneti,,Georgia,GE
Urozgan Province,,Afghanistan,AF
Santiago RodrÌguez Province,,Dominican Republic,DO
Saint Ann Parish,,Jamaica,JM
Nakhon Nayok,,Thailand,TH
Haa Alif Atoll,,Maldives,MV
Bayburt Province,,Turkey,TR
Funafuti,,Tuvalu,TV
TacuarembÛ Department,,Uruguay,UY
Chimaltenango Department,,Guatemala,GT
Westmoreland Parish,,Jamaica,JM
ColÛn,,Honduras,HN
Durazno Department,,Uruguay,UY
Faafu Atoll,,Maldives,MV
Trarza Region,,Mauritania,MR
El Progreso Department,,Guatemala,GT
Milne Bay Province,,Papua New Guinea,PG
San Fernando,,Trinidad and Tobago,TT
Siparia Regional Corporation,,Trinidad and Tobago,TT
Treinta y Tres Department,,Uruguay,UY
Chai Nat,,Thailand,TH
Mohale's Hoek District,,Lesotho,LS
Hakk‚ri Province,,Turkey,TR
Hato Mayor Province,,Dominican Republic,DO
Laamu Atoll,,Maldives,MV
Haa Dhaalu Atoll,,Maldives,MV
Ponce,,Puerto Rico,PR
Sa Kaeo,,Thailand,TH
Tobago,,Trinidad and Tobago,TT
Nimruz Province,,Afghanistan,AF
RÌo Negro Department,,Uruguay,UY
Totonicap·n Department,,Guatemala,GT
Commewijne District,,Suriname,SR
Assaba Region,,Mauritania,MR
Zabul Province,,Afghanistan,AF
Shiselweni Region,,Swaziland,SZ
Trat,,Thailand,TH
Lira District,,Uganda,UG
Midlands Province,,Zimbabwe,ZW
Phichit,,Thailand,TH
Shaviyani Atoll,,Maldives,MV
Galguduud,,Somalia,SO
Yala Province,,Thailand,TH
Toledo District,,Belize,BZ
Al Mahrah Governorate,,Yemen,YE
Kabale District,,Uganda,UG
Rocha Department,,Uruguay,UY
Ghanzi District,,Botswana,BW
Florida Department,,Uruguay,UY
Stann Creek District,,Belize,BZ
Otjozondjupa Region,,Namibia,NA
Lubombo Region,,Swaziland,SZ
Samut Songkhram,,Thailand,TH
Dagana District,,Bhutan,BT
Hiran,,Somalia,SO
Al Hudaydah Governorate,,Yemen,YE
Uthai Thani,,Thailand,TH
Nong Bua Lam Phu,,Thailand,TH
Mae Hong Son,,Thailand,TH
Amnat Charoen,,Thailand,TH
Zacapa Department,,Guatemala,GT
Para District,,Suriname,SR
Point Fortin,,Trinidad and Tobago,TT
Kavango East,,Namibia,NA
Dhamar Governorate,,Yemen,YE
Mayag¸ez,,Puerto Rico,PR
San JosÈ Department,,Uruguay,UY
San Juan-Laventille Regional Corporation,,Trinidad and Tobago,TT
Barranquitas,,Puerto Rico,PR
Jafara,,Libya,LY
Cabo Rojo,,Puerto Rico,PR
Al Khor,,Qatar,QA
Lavalleja Department,,Uruguay,UY
Rio Claro-Mayaro Regional Corporation,,Trinidad and Tobago,TT
Corozal,,Puerto Rico,PR
Alto Paraguay Department,,Paraguay,PY
Hatillo,,Puerto Rico,PR
Sermersooq,,Greenland,GL
Brokopondo District,,Suriname,SR
Lai Ch‚u Province,,Vietnam,VN
Pedernales Province,,Dominican Republic,DO
Saramacca District,,Suriname,SR
CoclÈ Province,,Panama,PA
Dosso Region,,Niger,NE
West Coast Division,,The Gambia,GM
Berea District,,Lesotho,LS
Satun,,Thailand,TH
Tororo District,,Uganda,UG
Northern Red Sea Region,,Eritrea,ER
Kidal Region,,Mali,ML
Guainia,,Colombia,CO
Upper West Region,,Ghana,GH
Essequibo Islands-West Demerara,,Guyana,GY
Gal·pagos Province,,Ecuador,EC
Kgalagadi District,,Botswana,BW
Gracias a Dios Department,,Honduras,HN
AÒasco,,Puerto Rico,PR
Utuado,,Puerto Rico,PR
Yabucoa,,Puerto Rico,PR
Aguadilla,,Puerto Rico,PR
Equateur,,Ecuador,EC
Arecibo,,Puerto Rico,PR
Caguas,,Puerto Rico,PR
Masvingo Province,,Zimbabwe,ZW
Veraguas Province,,Panama,PA
Isabela,,Puerto Rico,PR
Bocas del Toro Province,,Panama,PA
Kwajalein Atoll,,Marshall Islands,MH
GuÈra Region,,Chad,TD
Saint Martin,,Guernsey,GG
San Sebasti·n,,Puerto Rico,PR
Arima,,Trinidad and Tobago,TT
Jalapa Department,,Guatemala,GT
San Germ·n,,Puerto Rico,PR
Hardap Region,,Namibia,NA
Moyen-OgoouÈ Province,,Gabon,GA
Yap,,Japan,JP
Isingiro District,,Uganda,UG
Adrar Region,,Mauritania,MR
Kunene Region,,Namibia,NA
Coamo,,Puerto Rico,PR
Oshikoto Region,,Namibia,NA
Volta Region,,Ghana,GH
Omusati Region,,Namibia,NA
Sangha Department,,Republic of the Congo,CG
Seal Island,,Anguilla,AI
Meemu Atoll,,Maldives,MV
Raa Atoll,,Maldives,MV
Tibesti Region,,Chad,TD
Flores Department,,Uruguay,UY
Vega Alta,,Puerto Rico,PR
Morovis,,Puerto Rico,PR
Cidra,,Puerto Rico,PR
ComerÌo,,Puerto Rico,PR
Maunabo,,Puerto Rico,PR
ManatÌ,,Puerto Rico,PR
Naranjito,,Puerto Rico,PR
Lares,,Puerto Rico,PR
Baie Sainte Anne,,Seychelles,SC
Juncos,,Puerto Rico,PR
Guayanilla,,Puerto Rico,PR
CanÛvanas,,Puerto Rico,PR
Qacha's Nek District,,Lesotho,LS
Arta Region,,Djibouti,DJ
Leeward Islands,,French Polynesia,PF
Sipaliwini District,,Suriname,SR
OgoouÈ-Lolo Province,,Gabon,GA
Marowijne District,,Suriname,SR
Moca,,Puerto Rico,PR
Shimane Prefecture,,Japan,JP
Iganga District,,Uganda,UG
Coronie District,,Suriname,SR
Barceloneta,,Puerto Rico,PR
Mokhotlong District,,Lesotho,LS
Aguada,,Puerto Rico,PR
Guidimaka Region,,Mauritania,MR
Kweneng District,,Botswana,BW
Paktika Province,,Afghanistan,AF
Portland Parish,,Jamaica,JM
Saint Peter,,Barbados,BB
Umm Salal,,Qatar,QA
Gurabo,,Puerto Rico,PR
Maryland County,,Liberia,LR
Hodh El Gharbi Region,,Mauritania,MR
Gorgol Region,,Mauritania,MR
Brakna Region,,Mauritania,MR
Inchiri Region,,Mauritania,MR
Temburong District,,Brunei,BN
Southern Red Sea Region,,Eritrea,ER
Saint Mark Parish,,Grenada,GD
North Province,,New Caledonia,NC
Mahaica-Berbice,,Guyana,GY
Qaasuitsup,,Greenland,GL
Mashonaland West Province,,Zimbabwe,ZW
Villalba,,Puerto Rico,PR
Humacao,,Puerto Rico,PR
Oro Province,,Papua New Guinea,PG
Diego Martin Regional Corporation,,Trinidad and Tobago,TT
Yauco,,Puerto Rico,PR
Southern Highlands Province,,Papua New Guinea,PG
Autonomous Region of Bougainville,,Papua New Guinea,PG
Shabwah Governorate,,Yemen,YE
Middle Shebelle,,Somalia,SO
Cayey,,Puerto Rico,PR
CataÒo,,Puerto Rico,PR
Manicaland Province,,Zimbabwe,ZW
Hela Province,,Papua New Guinea,PG
Batha Region,,Chad,TD
Manus Province,,Papua New Guinea,PG
Borkou Region,,Chad,TD
Vega Baja,,Puerto Rico,PR
Zambezi Region,,Namibia,NA
Kyenjojo District,,Uganda,UG
Kamwenge District,,Uganda,UG
Niari Department,,Republic of the Congo,CG
Kara Region,,Togo,TG
Bam,,Mali,ML
Kouffo Department,,Benin,BJ
Tuy,,Vietnam,VN
OgoouÈ-Ivindo Province,,Gabon,GA
Nyanga Province,,Gabon,GA
Plateaux Region,,Togo,TG
Bouenza Department,,Republic of the Congo,CG
Governor's Harbour,,Bahamas,BS
≈land Islands,,Finland,FI
Coastal–Karst Statistical Region,,Slovenia,SI
Turks and Caicos Islands,,Turks and Caicos Islands,TC
Green Turtle Cay,,Bahamas,BS
"Bonaire, Sint Eustatius and Saba",,"Bonaire, Sint Eustatius and Saba",BQ
H_ng Yên Province,,Vietnam,VN
__ng Nai Province,,Vietnam,VN
Svalbard and Jan Mayen,,Norway,NO
B_c K_n Province,,Vietnam,VN
Nichollstown and Berry Islands,,Bahamas,BS
US Virgin Islands,,US Virgin Islands,VI
Fokis,Phocis,Greece,GR
Littoral–Inner Carniola Statistical Region,,Slovenia,SI
Fresh Creek,,Bahamas,BS
High Rock,,Bahamas,BS
Pella,,Greece,GR
Heifa,Haifa,Israel,IL
Gori_ka Statistical Region,Gori_ka,Slovenia,SI
Wallis and Futuna,,France,FR
Skierniewice,,Poland,PL
Bangka–Belitung Islands,Belitung,Indonesia,ID
Rock Sound,,Bahamas,BS
Kjosarsysla,,Iceland,IS
Marsh Harbour,,Bahamas,BS